GEOID,Population,median_income,poverty_rate,housing_units,population_density,grocery_stores,grocery_stores_per_1000,apartment_count,major_retailers,major_road_segments,population_score,income_score,apartment_score,competition_score,road_access_score,opportunity_score,location_rank
12095017401,8093,109653.0,8.632822317165118,2871,2508.833709991205,0.0,0.0,5.0,0.0,26.0,0.8838951310861424,0.7651515151515151,0.7340823970037453,0.8745318352059925,0.7715355805243446,0.8169262853251618,1
12095017120,6402,184514.0,0.937207122774133,2563,1976.83676864979,0.0,0.0,9.0,0.0,11.0,0.700374531835206,0.9772727272727273,0.7808988764044944,0.8745318352059925,0.6048689138576779,0.7872276132107592,2
12095016748,7250,120342.0,9.227586206896552,2265,6220.47972450544,0.0,0.0,101.0,0.0,0.0,0.8164794007490637,0.8522727272727273,0.9850187265917603,0.8745318352059925,0.20786516853932585,0.7787772386789241,3
12095016811,13170,111311.0,1.404707668944571,4265,4092.12182987258,6.0,0.4555808656036447,22.0,1.0,42.0,0.9812734082397003,0.7803030303030303,0.8576779026217228,0.33333333333333337,0.8707865168539326,0.7478506979911475,4
12095017114,10387,120799.0,8.183306055646481,3768,3360.727868776214,6.0,0.5776451333397515,65.0,1.0,14.0,0.951310861423221,0.8560606060606061,0.9550561797752809,0.33333333333333337,0.6647940074906367,0.7403004766768813,5
12095016736,14231,121250.0,8.333333333333332,5133,1448.1008832219568,20.0,1.4053826154170475,41.0,1.0,29.0,0.9850187265917603,0.865530303030303,0.9044943820224719,0.1123595505617978,0.7883895131086143,0.7033314181137214,6
12095016747,5719,145575.0,2.902605350585767,1970,3052.8627426716125,0.0,0.0,10.0,0.0,0.0,0.5917602996254682,0.9356060606060606,0.7902621722846442,0.8745318352059925,0.20786516853932585,0.696146152536602,7
12095016749,6330,124511.0,12.203228869895536,2113,4340.060091499403,0.0,0.0,3.0,0.0,0.0,0.6853932584269663,0.8863636363636364,0.702247191011236,0.8745318352059925,0.20786516853932585,0.6945650323459313,8
12095016737,12795,118326.0,5.666275889019149,4184,93.30149921674389,2.0,0.15631105900742479,5.0,1.0,0.0,0.9775280898876404,0.8333333333333334,0.7340823970037453,0.5674157303370786,0.20786516853932585,0.6892322097378276,9
12095016802,21905,119030.0,1.8653426755138973,8046,654.3083611105095,99.0,4.5195160922163895,11.0,6.0,111.0,0.9962546816479401,0.8409090909090909,0.799625468164794,0.011235955056179803,0.9962546816479401,0.6873723186925433,10
12095016735,12767,115538.0,3.9555102999921674,4846,3472.3997677500856,18.0,1.4098848594031488,21.0,1.0,27.0,0.9737827715355806,0.7992424242424242,0.8539325842696629,0.1292134831460674,0.7808988764044944,0.6835567756213823,11
12095014000,6420,115417.0,6.947040498442368,2792,3219.57312765777,4.0,0.6230529595015577,5.0,0.0,38.0,0.7078651685393258,0.7954545454545454,0.7340823970037453,0.449438202247191,0.8333333333333334,0.68046050391556,12
12095016503,7850,111146.0,23.837902264600714,2693,3795.795241283297,26.0,3.3121019108280256,55.0,1.0,65.0,0.8689138576779026,0.7765151515151515,0.9307116104868914,0.07116104868913853,0.9400749063670412,0.6786495573714675,13
12095014606,9778,59118.0,21.788752853289065,3822,6078.354241730526,6.0,0.6136224176723256,205.0,0.0,26.0,0.947565543071161,0.25757575757575757,1.0,0.33333333333333337,0.7715355805243446,0.6745914198161389,14
12095018202,4423,129231.0,9.59188379063869,2103,7234.621934995547,0.0,0.0,71.0,0.0,0.0,0.3782771535580524,0.9090909090909091,0.9662921348314607,0.8745318352059925,0.20786516853932585,0.6740040858018386,15
12095016511,5715,74891.0,23.38358458961474,1686,4773.664300434383,2.0,0.34995625546806647,91.0,0.0,26.0,0.5880149812734082,0.4772727272727273,0.9812734082397003,0.5674157303370786,0.7715355805243446,0.6724336057201225,16
12095017901,6455,106690.0,4.653341661461587,2420,211.0487692930063,0.0,0.0,0.0,0.0,14.0,0.7153558052434457,0.7348484848484849,0.3052434456928839,0.8745318352059925,0.6647940074906367,0.6684669731018046,17
12095016411,4715,81488.0,8.271474019088016,1651,3670.101791639167,0.0,0.0,64.0,0.0,3.0,0.4307116104868914,0.5378787878787878,0.951310861423221,0.8745318352059925,0.47191011235955055,0.668041368743616,18
12095015204,5986,70784.0,17.906662157592155,2920,6240.746790885835,0.0,0.0,3.0,0.0,8.0,0.6441947565543071,0.42424242424242425,0.702247191011236,0.8745318352059925,0.550561797752809,0.6663517194416071,19
12095017108,10693,108672.0,4.853642569905546,4588,1489.243702931974,9.0,0.8416721219489386,1.0,0.0,29.0,0.9588014981273408,0.7537878787878788,0.6310861423220974,0.24906367041198507,0.7883895131086143,0.6595101293837249,20
12095017812,8876,113492.0,8.866606579540333,3037,4018.765725988301,0.0,0.0,0.0,0.0,0.0,0.9138576779026217,0.7840909090909091,0.3052434456928839,0.8745318352059925,0.20786516853932585,0.6569394790602656,21
12095016731,7932,96019.0,4.026967930029154,2222,493.9266200331023,2.0,0.2521432173474534,15.0,0.0,0.0,0.8726591760299626,0.6515151515151515,0.8314606741573034,0.5674157303370786,0.20786516853932585,0.6552179094313926,22
12095016713,9102,61759.0,22.912665235566603,3198,4146.51389373777,0.0,0.0,1.0,0.0,0.0,0.9250936329588015,0.3143939393939394,0.6310861423220974,0.8745318352059925,0.20786516853932585,0.6544624616956078,23
12095014601,7662,40798.0,24.784651527016443,2945,5048.734170957162,2.0,0.26102845210127906,27.0,0.0,25.0,0.8576779026217228,0.03787878787878788,0.8857677902621723,0.5674157303370786,0.7640449438202247,0.6537155260469868,24
12095017814,7218,135497.0,14.168748265334443,2282,1779.0707526308684,0.0,0.0,0.0,0.0,0.0,0.8089887640449438,0.928030303030303,0.3052434456928839,0.8745318352059925,0.20786516853932585,0.6523131596867553,25
12095013300,6773,82054.0,16.8732268179782,2902,5323.757767064365,4.0,0.5905802450908018,2.0,0.0,40.0,0.7790262172284644,0.5492424242424242,0.6704119850187266,0.449438202247191,0.8539325842696629,0.6516747531494722,26
12095014609,5940,61110.0,9.524615124344443,2547,5821.81462010788,1.0,0.16835016835016836,17.0,1.0,22.0,0.6254681647940075,0.2916666666666667,0.8408239700374532,0.6891385767790262,0.7378277153558053,0.6512406367041199,27
12095015103,6971,81914.0,8.176732176158371,3041,3397.415511989683,1.0,0.14345144168698895,0.0,0.0,50.0,0.797752808988764,0.5454545454545454,0.3052434456928839,0.6891385767790262,0.9063670411985019,0.6505447735784815,28
12095017902,8162,73983.0,3.981867189414359,3595,451.53700642012046,1.0,0.12251899044351874,0.0,0.0,35.0,0.8913857677902621,0.4696969696969697,0.3052434456928839,0.6891385767790262,0.8239700374531835,0.6502298263534219,29
12095015501,6127,96404.0,8.354011579818032,3563,3140.920542044754,6.0,0.9792720744246776,20.0,0.0,44.0,0.6554307116104869,0.6553030303030303,0.848314606741573,0.33333333333333337,0.8857677902621723,0.6480145556690501,30
12095017110,8228,85278.0,15.811861934856589,2725,944.4113964700542,84.0,10.209042294603792,56.0,2.0,73.0,0.8951310861423221,0.571969696969697,0.9382022471910112,0.014981273408239737,0.949438202247191,0.643379724208376,31
12095016743,6981,107212.0,6.216874373298954,2463,4851.474220550449,3.0,0.42973785990545765,26.0,1.0,0.0,0.8014981273408239,0.7386363636363636,0.8782771535580525,0.49250936329588013,0.20786516853932585,0.6411325331971399,32
12095012303,9190,86333.0,20.686263796306413,2568,5550.45424357367,0.0,0.0,0.0,0.0,0.0,0.9325842696629213,0.5833333333333334,0.3052434456928839,0.8745318352059925,0.20786516853932585,0.6315074906367042,33
12095016750,12106,117609.0,2.6984521148911513,4233,3065.400117911902,12.0,0.9912440112340988,56.0,2.0,0.0,0.9625468164794008,0.8181818181818182,0.9382022471910112,0.1966292134831461,0.20786516853932585,0.6313415049370105,34
12095017116,8031,173529.0,4.1464325737766154,2995,1764.8864455875746,1.0,0.12451749470800648,0.0,0.0,0.0,0.8764044943820225,0.9734848484848485,0.3052434456928839,0.6891385767790262,0.20786516853932585,0.6296369594824651,35
12095017200,5945,107857.0,14.315569487983282,2544,2134.541568053879,1.0,0.16820857863751051,0.0,0.0,39.0,0.6292134831460674,0.7462121212121212,0.3052434456928839,0.6891385767790262,0.8426966292134831,0.6289730166836909,36
12095016514,6764,117809.0,10.629804849201657,2535,3219.9909561502327,0.0,0.0,0.0,0.0,0.0,0.7752808988764045,0.821969696969697,0.3052434456928839,0.8745318352059925,0.20786516853932585,0.6279771024855294,37
12095017113,17717,134728.0,2.2606533288120265,5986,1299.9207598156981,22.0,1.2417452164587686,46.0,3.0,0.0,0.9925093632958801,0.9242424242424242,0.9138576779026217,0.0955056179775281,0.20786516853932585,0.6245914198161389,38
12095012600,5573,124783.0,0.5793952562013398,2608,4105.082501793165,4.0,0.7177462766911897,1.0,1.0,15.0,0.5692883895131086,0.8901515151515151,0.6310861423220974,0.449438202247191,0.6797752808988764,0.616387895812053,39
12095014705,9194,71857.0,12.064635877279178,3665,13587.026374453662,8.0,0.8701326952360235,7.0,0.0,12.0,0.9363295880149812,0.45454545454545453,0.7659176029962547,0.26779026217228463,0.6235955056179775,0.6159346271705822,40
12095015104,6110,63327.0,25.869993434011818,2110,4414.50656216237,0.0,0.0,0.0,0.0,31.0,0.651685393258427,0.3371212121212121,0.3052434456928839,0.8745318352059925,0.797752808988764,0.6128340994211781,41
12095015002,6758,101250.0,15.433560224918615,2284,3411.3760966591076,0.0,0.0,0.0,0.0,0.0,0.7715355805243446,0.7045454545454546,0.3052434456928839,0.8745318352059925,0.20786516853932585,0.6094271365338781,42
12095013202,7224,59888.0,10.243224461431549,3033,4971.202241479908,2.0,0.2768549280177187,63.0,0.0,0.0,0.8127340823970037,0.2727272727272727,0.9456928838951311,0.5674157303370786,0.20786516853932585,0.6062648961525365,43
12095017111,25639,128444.0,11.864737314247826,8951,645.1600930252021,248.0,9.67276414836772,63.0,7.0,0.0,1.0,0.9015151515151515,0.9456928838951311,0.0,0.20786516853932585,0.6055456247871979,44
12095014807,8111,75208.0,13.115771187492244,2914,4328.562716253575,0.0,0.0,0.0,0.0,0.0,0.8876404494382022,0.48295454545454547,0.3052434456928839,0.8745318352059925,0.20786516853932585,0.6052147173987061,45
12095014608,4835,43313.0,25.046535677352637,2086,5575.473933755533,0.0,0.0,14.0,0.0,15.0,0.449438202247191,0.05303030303030303,0.8202247191011236,0.8745318352059925,0.6797752808988764,0.6049582907728974,46
12095014301,4063,67827.0,14.595126753630321,1875,2535.061568046211,0.0,0.0,6.0,0.0,13.0,0.3258426966292135,0.38257575757575757,0.7509363295880149,0.8745318352059925,0.6441947565543071,0.6042964759959142,47
12095016755,6433,91442.0,3.824032333281517,2549,3946.4122773915783,2.0,0.310896937665164,11.0,0.0,0.0,0.7116104868913857,0.6174242424242424,0.799625468164794,0.5674157303370786,0.20786516853932585,0.6034750595846101,48
12095013507,9445,62196.0,20.921122286924298,4189,2187.099588672239,30.0,3.1762837480148227,10.0,4.0,92.0,0.9400749063670412,0.32954545454545453,0.7902621722846442,0.0449438202247191,0.9775280898876404,0.6003681477698332,49
12095016911,9112,53919.0,25.0,4085,15984.321568578578,2.0,0.21949078138718173,24.0,0.0,0.0,0.9288389513108615,0.14393939393939395,0.8651685393258427,0.5674157303370786,0.20786516853932585,0.5998680626489616,50
12095012307,6889,48826.0,23.35468841001747,2352,5598.240963880257,1.0,0.14515894904920887,47.0,0.0,0.0,0.7940074906367042,0.09090909090909091,0.9176029962546817,0.6891385767790262,0.20786516853932585,0.5991232550221315,51
12095016603,8043,108942.0,23.05295950155763,2531,467.207323871876,1.0,0.12433171702101205,0.0,0.0,0.0,0.8801498127340824,0.7575757575757576,0.3052434456928839,0.6891385767790262,0.20786516853932585,0.5981869254341164,52
12095014607,6061,55642.0,8.579442336248144,3638,5924.010873967878,1.0,0.1649892756970797,4.0,0.0,10.0,0.6479400749063671,0.20075757575757575,0.7209737827715356,0.6891385767790262,0.5861423220973783,0.5964994041538986,53
12095016810,9083,97484.0,7.282632866355349,3889,1832.4830382840473,3.0,0.3302873499944952,0.0,0.0,7.0,0.9213483146067416,0.6742424242424242,0.3052434456928839,0.49250936329588013,0.5224719101123596,0.5940202587674498,54
12095017109,5571,146839.0,0.5767844268204758,2357,1987.1125673025713,0.0,0.0,0.0,0.0,0.0,0.5655430711610487,0.9393939393939394,0.3052434456928839,0.8745318352059925,0.20786516853932585,0.5931562819203269,55
12095017006,4515,86859.0,13.91858085057994,1622,1775.5911211381474,2.0,0.44296788482835,7.0,0.0,19.0,0.40074906367041196,0.5871212121212122,0.7659176029962547,0.5674157303370786,0.7191011235955056,0.5911580694586313,56
12095018201,4932,172628.0,4.114891016500306,2441,7211.352115545835,4.0,0.8110300081103001,55.0,1.0,0.0,0.4606741573033708,0.9696969696969697,0.9307116104868914,0.449438202247191,0.20786516853932585,0.5903047327204631,57
12095017112,16409,118277.0,6.338071127920454,6342,3507.762294631922,18.0,1.0969589859223596,0.0,2.0,34.0,0.9887640449438202,0.8295454545454546,0.3052434456928839,0.1292134831460674,0.8164794007490637,0.5874467994552265,58
12095017123,5967,162188.0,6.454866364094807,2593,2277.334205942171,44.0,7.373889726830903,13.0,3.0,24.0,0.6404494382022472,0.9659090909090909,0.8089887640449438,0.02621722846441943,0.7565543071161048,0.5868339291794348,59
12095017506,12688,96643.0,6.486443883984867,4844,1460.2780057746752,11.0,0.8669609079445145,10.0,1.0,0.0,0.9700374531835206,0.6590909090909091,0.7902621722846442,0.21161048689138573,0.20786516853932585,0.5835078311201907,60
12095016412,5132,84086.0,5.904130943102104,1789,3308.2108763070187,0.0,0.0,0.0,0.0,12.0,0.50187265917603,0.5606060606060606,0.3052434456928839,0.8745318352059925,0.6235955056179775,0.5827800476676881,61
12095012000,8577,60424.0,18.30298702844222,2437,7141.440161494979,0.0,0.0,0.0,0.0,0.0,0.9101123595505618,0.2803030303030303,0.3052434456928839,0.8745318352059925,0.20786516853932585,0.5804349676540688,62
12095017701,6202,98125.0,7.368590777168656,1897,5426.968934151433,0.0,0.0,0.0,0.0,0.0,0.6704119850187266,0.678030303030303,0.3052434456928839,0.8745318352059925,0.20786516853932585,0.5801689649302009,63
12095017021,6593,101139.0,9.72243288336114,2055,3220.0132809688216,4.0,0.6067040800849386,0.0,0.0,31.0,0.7265917602996255,0.7007575757575758,0.3052434456928839,0.449438202247191,0.797752808988764,0.5798327374872319,64
12095014100,6153,88675.0,10.104302477183833,2591,2395.8841156965004,18.0,2.9254022428083863,3.0,1.0,96.0,0.6629213483146067,0.6098484848484849,0.702247191011236,0.1292134831460674,0.9812734082397003,0.5771514300306435,65
12095016804,8439,87475.0,6.694560669456067,2579,1361.4218081334716,9.0,1.0664770707429791,0.0,1.0,55.0,0.9026217228464419,0.5946969696969697,0.3052434456928839,0.24906367041198507,0.9232209737827716,0.5766577289751447,66
12095014201,6711,69934.0,12.218745343465951,2051,7616.777552140894,12.0,1.788109074653554,14.0,5.0,24.0,0.7565543071161048,0.4053030303030303,0.8202247191011236,0.1966292134831461,0.7565543071161048,0.5766194245829077,67
12095017020,5923,69512.0,11.060869565217391,3037,5333.718424834569,7.0,1.1818335303055885,130.0,2.0,11.0,0.6217228464419475,0.4015151515151515,0.9925093632958801,0.2865168539325843,0.6048689138576779,0.5765194075587334,68
12095016200,6862,81066.0,15.214158239143366,3206,4842.232282446909,2.0,0.29146021568055963,0.0,0.0,13.0,0.7827715355805244,0.5340909090909091,0.3052434456928839,0.5674157303370786,0.6441947565543071,0.57533835546476,69
12095017025,3654,101439.0,2.4630541871921183,1505,689.8431854826305,0.0,0.0,8.0,0.0,0.0,0.250936329588015,0.7121212121212122,0.7752808988764045,0.8745318352059925,0.20786516853932585,0.5744211780728635,70
12095017302,9003,71455.0,12.01793721973094,3299,5132.447351776925,48.0,5.331556147950684,1.0,3.0,77.0,0.9176029962546817,0.44696969696969696,0.6310861423220974,0.022471910112359605,0.9644194756554307,0.572944330949949,71
12095014702,5960,51444.0,16.353160481274358,2818,8628.062816279169,3.0,0.5033557046979866,54.0,1.0,9.0,0.6367041198501873,0.12121212121212122,0.9250936329588015,0.49250936329588013,0.5692883895131086,0.5708971739870616,72
12095017117,6520,137260.0,8.389570552147239,2429,2368.9910400247804,6.0,0.9202453987730062,0.0,1.0,17.0,0.7191011235955056,0.9318181818181818,0.3052434456928839,0.33333333333333337,0.700374531835206,0.5689862104187947,73
12095016002,2510,199853.0,4.780876494023905,1135,3051.427105109001,0.0,0.0,0.0,0.0,21.0,0.12359550561797752,0.9924242424242424,0.3052434456928839,0.8745318352059925,0.7284644194756554,0.5687138236295539,74
12095016100,5035,133438.0,11.129568106312291,2280,4075.560132527842,0.0,0.0,0.0,0.0,0.0,0.47191011235955055,0.9166666666666666,0.3052434456928839,0.8745318352059925,0.20786516853932585,0.5663389513108614,75
12095017001,5947,77050.0,6.5131206343213135,3350,573.7910703934245,219.0,36.82529006221624,43.0,12.0,179.0,0.6329588014981273,0.5,0.9101123595505618,0.0037453183520599342,1.0,0.5661985018726592,76
12095016809,7837,66810.0,23.93773127472247,2850,4154.063099696146,2.0,0.25519969376036744,0.0,0.0,11.0,0.8651685393258427,0.375,0.3052434456928839,0.5674157303370786,0.6048689138576779,0.5661750936329588,77
12095011100,3333,88276.0,7.980798079807981,1857,6018.411552257246,0.0,0.0,20.0,0.0,0.0,0.2247191011235955,0.6022727272727273,0.848314606741573,0.8745318352059925,0.20786516853932585,0.5659963398025196,78
12095015003,7374,87956.0,16.5441686312578,2088,5584.634242899454,1.0,0.13561160835367508,0.0,0.0,0.0,0.8277153558052435,0.5984848484848485,0.3052434456928839,0.6891385767790262,0.20786516853932585,0.5612146748382704,79
12095017504,9673,71976.0,10.429829104091144,3502,2057.2710359506973,5.0,0.5169027189083014,0.0,2.0,13.0,0.9438202247191011,0.4583333333333333,0.3052434456928839,0.39513108614232206,0.6441947565543071,0.5611657303370787,80
12095014302,5839,50240.0,26.77463818056513,1909,6904.323665031013,2.0,0.3425244048638465,17.0,1.0,8.0,0.6104868913857678,0.10606060606060606,0.8408239700374532,0.5674157303370786,0.550561797752809,0.5611338100102146,81
12095016907,7546,55457.0,33.99384121033606,2994,11480.51523441185,6.0,0.795123244102836,3.0,1.0,13.0,0.8426966292134831,0.1893939393939394,0.702247191011236,0.33333333333333337,0.6441947565543071,0.5594952332311882,82
12095016409,3027,119821.0,1.3576158940397351,1178,2296.986836672359,0.0,0.0,0.0,0.0,17.0,0.19101123595505617,0.8446969696969697,0.3052434456928839,0.8745318352059925,0.700374531835206,0.5591951821586654,83
12095017806,5131,115891.0,4.365620736698499,1918,2670.12838907173,0.0,0.0,0.0,0.0,0.0,0.49812734082397003,0.8106060606060606,0.3052434456928839,0.8745318352059925,0.20786516853932585,0.5569841675178754,84
12095011702,3854,36147.0,16.035288012454593,1849,4214.476237899833,1.0,0.2594706798131811,72.0,1.0,21.0,0.29213483146067415,0.026515151515151516,0.9700374531835206,0.6891385767790262,0.7284644194756554,0.5525727783452503,85
12095016513,4582,63017.0,16.73585317893817,2025,2378.6047932412357,1.0,0.21824530772588388,6.0,0.0,4.0,0.4232209737827715,0.3333333333333333,0.7509363295880149,0.6891385767790262,0.48314606741573035,0.550749063670412,86
12095015001,1950,92963.0,18.871794871794872,474,1012.0723450187596,0.0,0.0,6.0,1.0,6.0,0.0449438202247191,0.6287878787878788,0.7509363295880149,0.8745318352059925,0.49812734082397003,0.5490934627170583,87
12095016814,5274,59895.0,8.589306029579067,1909,3696.7136686742992,0.0,0.0,0.0,0.0,13.0,0.5205992509363296,0.2765151515151515,0.3052434456928839,0.8745318352059925,0.6441947565543071,0.5479379468845762,88
12095016739,6988,56477.0,25.615340583858043,2484,8943.920442757453,0.0,0.0,0.0,0.0,0.0,0.8052434456928839,0.2196969696969697,0.3052434456928839,0.8745318352059925,0.20786516853932585,0.5451268300987402,89
12095016607,6666,92841.0,13.441344134413441,2404,312.2002031778783,1.0,0.15001500150015,0.0,0.0,0.0,0.7453183520599251,0.625,0.3052434456928839,0.6891385767790262,0.20786516853932585,0.5445926966292135,90
12095016301,5487,54205.0,18.64951768488746,2946,4043.0639770223047,13.0,2.369236376890833,77.0,2.0,74.0,0.5468164794007491,0.1553030303030303,0.9775280898876404,0.18164794007490637,0.9550561797752809,0.5441756043581886,91
12095018800,5625,93667.0,9.19150455113332,3773,5140.658634970012,28.0,4.977777777777778,7.0,2.0,46.0,0.5805243445692884,0.6401515151515151,0.7659176029962547,0.0561797752808989,0.8951310861423221,0.5426519407558734,92
12095015601,2481,123625.0,2.8214429665457477,1059,3466.694271546259,2.0,0.8061265618702137,2.0,1.0,16.0,0.1198501872659176,0.875,0.6704119850187266,0.5674157303370786,0.6910112359550562,0.5408005617977528,93
12095014806,4852,110385.0,5.399835119538335,1821,3711.9953038820418,0.0,0.0,0.0,0.0,0.0,0.45318352059925093,0.7727272727272727,0.3052434456928839,0.8745318352059925,0.20786516853932585,0.5400663942798775,94
12095017022,10585,60807.0,19.555975436939065,6832,3813.3034089567136,55.0,5.196032120925839,5.0,8.0,15.0,0.9550561797752809,0.2878787878787879,0.7340823970037453,0.01872659176029967,0.6797752808988764,0.5354102826012939,95
12095014908,7611,44641.0,14.828594206749933,2279,6321.965178329235,0.0,0.0,0.0,0.0,0.0,0.8539325842696629,0.06060606060606061,0.3052434456928839,0.8745318352059925,0.20786516853932585,0.5334354783792986,96
12095015006,4822,104531.0,5.620074657818332,1575,4085.2162166718676,0.0,0.0,0.0,0.0,0.0,0.44569288389513106,0.7310606060606061,0.3052434456928839,0.8745318352059925,0.20786516853932585,0.5319437351038475,97
12095016407,7461,58423.0,24.915414805792395,3292,5265.340939300314,10.0,1.3403029084573113,144.0,3.0,0.0,0.8314606741573034,0.24242424242424243,0.9962546816479401,0.22846441947565543,0.20786516853932585,0.531775621382363,98
12095014503,5395,28851.0,21.45719489981785,2234,7697.198341159257,1.0,0.18535681186283595,6.0,0.0,3.0,0.5355805243445693,0.01893939393939394,0.7509363295880149,0.6891385767790262,0.47191011235955055,0.5299944671433435,99
12095014810,6599,107280.0,2.679528403001072,2129,3210.758214906789,2.0,0.30307622367025305,0.0,1.0,0.0,0.7378277153558053,0.7424242424242424,0.3052434456928839,0.5674157303370786,0.20786516853932585,0.529902962206333,100
12095012403,6568,46033.0,24.557926829268293,2277,2496.484722549082,2.0,0.3045066991473812,0.0,0.0,49.0,0.7228464419475655,0.07575757575757576,0.3052434456928839,0.5674157303370786,0.898876404494382,0.5298093292475314,101
12095017402,5836,50868.0,23.70900209351012,1875,2282.0722053627414,15.0,2.5702535983550376,24.0,3.0,102.0,0.6067415730337079,0.11363636363636363,0.8651685393258427,0.15543071161048694,0.9925093632958801,0.5294986380660538,102
12095010300,3355,54427.0,18.269831355402875,2257,5622.248605050661,0.0,0.0,2.0,0.0,12.0,0.22846441947565543,0.16666666666666666,0.6704119850187266,0.8745318352059925,0.6235955056179775,0.528370786516854,103
12095018902,5720,84467.0,11.667564171602944,4580,10613.047650473029,36.0,6.293706293706294,9.0,1.0,41.0,0.5955056179775281,0.5643939393939394,0.7808988764044944,0.0337078651685393,0.8632958801498127,0.5276366189989785,104
12095013604,6722,54356.0,21.466825349598334,3213,9565.558558432931,2.0,0.2975304968759298,0.0,0.0,21.0,0.7640449438202247,0.16287878787878787,0.3052434456928839,0.5674157303370786,0.7284644194756554,0.5276153387810691,105
12095016709,6692,76041.0,12.734927078634792,2463,5619.2810671841935,1.0,0.14943215780035862,0.0,0.0,0.0,0.7528089887640449,0.4962121212121212,0.3052434456928839,0.6891385767790262,0.20786516853932585,0.5271471739870617,106
12095017811,4343,118393.0,3.684089339166475,1244,2362.160131303238,0.0,0.0,0.0,0.0,0.0,0.3595505617977528,0.8371212121212122,0.3052434456928839,0.8745318352059925,0.20786516853932585,0.5263172454885938,107
12095016408,2235,70750.0,15.650224215246636,1088,4665.076960523579,0.0,0.0,68.0,0.0,0.0,0.0749063670411985,0.42045454545454547,0.9588014981273408,0.8745318352059925,0.20786516853932585,0.5233678072863466,108
12095016504,5087,50737.0,26.6734486266531,2027,3309.4055061779745,4.0,0.7863180656575586,75.0,0.0,7.0,0.48314606741573035,0.10984848484848485,0.9737827715355806,0.449438202247191,0.5224719101123596,0.5227506809669732,109
12095012304,8471,70032.0,13.988903317199858,2373,6955.1361764104495,2.0,0.23609963404556722,0.0,0.0,0.0,0.9063670411985019,0.4090909090909091,0.3052434456928839,0.5674157303370786,0.20786516853932585,0.5220377936670071,110
12095012701,5607,102303.0,16.739007359879224,2655,5884.559615357653,4.0,0.7133939718209382,1.0,1.0,0.0,0.5730337078651685,0.7196969696969697,0.6310861423220974,0.449438202247191,0.20786516853932585,0.5209695267279536,111
12095018000,3932,50135.0,21.839080459770116,1979,4611.236699470496,1.0,0.25432349949135297,2.0,0.0,32.0,0.31086142322097376,0.10227272727272728,0.6704119850187266,0.6891385767790262,0.8071161048689138,0.5204907218249915,112
12095017505,4769,97286.0,4.0889075277836024,1899,1915.6779183214642,0.0,0.0,0.0,0.0,0.0,0.43820224719101125,0.6666666666666666,0.3052434456928839,0.8745318352059925,0.20786516853932585,0.5204119850187265,113
12095016512,6359,58553.0,24.171539961013643,2170,7326.5409634490015,14.0,2.2016040257902185,70.0,1.0,6.0,0.6928838951310862,0.25,0.9625468164794008,0.1685393258426966,0.49812734082397003,0.5200842696629214,114
12095013607,5348,70275.0,10.37771129394166,2133,4046.612872226861,8.0,1.4958863126402393,2.0,2.0,35.0,0.5280898876404494,0.4128787878787879,0.6704119850187266,0.26779026217228463,0.8239700374531835,0.5185797582567245,115
12095017013,7473,93443.0,7.654221865382042,3215,5502.618301015547,9.0,1.2043356081894823,0.0,2.0,11.0,0.8352059925093633,0.6363636363636364,0.3052434456928839,0.24906367041198507,0.6048689138576779,0.5183009874021111,116
12095016717,4115,117083.0,10.012150668286756,1312,3226.430789724392,0.0,0.0,0.0,0.0,0.0,0.3408239700374532,0.8143939393939394,0.3052434456928839,0.8745318352059925,0.20786516853932585,0.518226506639428,117
12095017015,7525,120260.0,5.781041388518024,3111,2187.2039637169196,27.0,3.5880398671096345,0.0,5.0,16.0,0.8389513108614233,0.8484848484848485,0.3052434456928839,0.06367041198501877,0.6910112359550562,0.517628532516173,118
12095018203,1939,56304.0,6.140350877192982,910,7718.47466020641,1.0,0.5157297576070139,39.0,0.0,33.0,0.04119850187265917,0.2159090909090909,0.897003745318352,0.6891385767790262,0.8127340823970037,0.516281494722506,119
12095017810,6336,87373.0,5.871212121212121,2315,1690.1901836222316,11.0,1.736111111111111,0.0,1.0,64.0,0.6891385767790262,0.5909090909090909,0.3052434456928839,0.21161048689138573,0.9363295880149812,0.5153217568947907,120
12095016753,8360,96879.0,8.048898571774389,2961,630.2194409112569,5.0,0.5980861244019139,0.0,1.0,0.0,0.898876404494382,0.6628787878787878,0.3052434456928839,0.39513108614232206,0.20786516853932585,0.5151621552604698,121
12095016744,5373,85302.0,20.584403498976364,1851,5429.29536431781,6.0,1.1166945840312674,41.0,0.0,0.0,0.5318352059925093,0.5757575757575758,0.9044943820224719,0.33333333333333337,0.20786516853932585,0.5147344228804903,122
12095012404,6259,78209.0,13.455258001306337,1983,9039.662062739433,1.0,0.15976993129892952,0.0,0.0,0.0,0.6779026217228464,0.5151515151515151,0.3052434456928839,0.6891385767790262,0.20786516853932585,0.5112614913176711,123
12095014706,5879,78204.0,22.980098656234055,2766,6082.645341021125,26.0,4.42252083687702,25.0,2.0,9.0,0.6179775280898876,0.5113636363636364,0.8726591760299626,0.07116104868913853,0.5692883895131086,0.5089142832822608,124
12095017301,2684,97361.0,3.299203640500569,1338,2849.426012877394,0.0,0.0,0.0,0.0,10.0,0.149812734082397,0.6704545454545454,0.3052434456928839,0.8745318352059925,0.5861423220973783,0.5056243615934627,125
12095016746,4207,101415.0,16.49631566436891,1497,3871.6439971197397,0.0,0.0,0.0,0.0,0.0,0.34831460674157305,0.7083333333333334,0.3052434456928839,0.8745318352059925,0.20786516853932585,0.504190074906367,126
12095016606,3110,151818.0,5.048231511254019,940,319.104074507374,0.0,0.0,0.0,0.0,0.0,0.20224719101123595,0.9431818181818182,0.3052434456928839,0.8745318352059925,0.20786516853932585,0.5029004937010555,127
12095015802,2822,205455.0,2.7639971651311126,1027,4143.471191025682,0.0,0.0,0.0,0.0,0.0,0.1647940074906367,0.9962121212121212,0.3052434456928839,0.8745318352059925,0.20786516853932585,0.5014917432754511,128
12095012402,5130,48281.0,27.880369329586514,2633,5134.6551314325025,1.0,0.1949317738791423,0.0,0.0,42.0,0.4943820224719101,0.08712121212121213,0.3052434456928839,0.6891385767790262,0.8707865168539326,0.5006149982975826,129
12095017024,2802,78712.0,6.068503350707371,1543,1228.9034352753351,5.0,1.7844396859386151,39.0,1.0,17.0,0.15730337078651685,0.5189393939393939,0.897003745318352,0.39513108614232206,0.700374531835206,0.5004064521620701,130
12095017503,6668,65927.0,23.590281943611277,2273,3601.6077934437963,12.0,1.799640071985603,0.0,4.0,97.0,0.7490636704119851,0.36363636363636365,0.3052434456928839,0.1966292134831461,0.9850187265917603,0.4997701736465781,131
12095014904,7574,54259.0,20.31951412727753,2617,9315.619138795651,7.0,0.9242144177449169,1.0,3.0,1.0,0.850187265917603,0.1590909090909091,0.6310861423220974,0.2865168539325843,0.43258426966292135,0.4991445352400409,132
12095014504,6641,58843.0,22.252456538170822,3730,5994.626144595026,24.0,3.6139135672338503,53.0,7.0,3.0,0.7415730337078652,0.2537878787878788,0.9213483146067416,0.08239700374531833,0.47191011235955055,0.4991168709567586,133
12095015701,2211,129167.0,7.930720145852324,1065,3844.007238452801,1.0,0.4522840343735866,0.0,0.0,23.0,0.06741573033707865,0.9053030303030303,0.3052434456928839,0.6891385767790262,0.7453183520599251,0.49778047327204633,134
12095014804,5666,55103.0,8.364678488267955,2256,2006.7867081410743,14.0,2.4708789269325804,7.0,2.0,39.0,0.5842696629213483,0.17803030303030304,0.7659176029962547,0.1685393258426966,0.8426966292134831,0.49449480762683007,135
12095016510,5319,24533.0,58.120248790601245,1767,6665.51516010662,16.0,3.008084226358338,111.0,0.0,40.0,0.5243445692883895,0.011363636363636364,0.9887640449438202,0.14232209737827717,0.8539325842696629,0.49421390875042553,136
12095015105,4435,79554.0,13.055242390078917,1360,1897.2977495660855,1.0,0.2254791431792559,0.0,0.0,9.0,0.38202247191011235,0.5227272727272727,0.3052434456928839,0.6891385767790262,0.5692883895131086,0.4926413006469186,137
12095017122,2657,117895.0,10.048927361686113,1668,2093.1663675482487,1.0,0.3763643206624012,1.0,0.0,0.0,0.14232209737827714,0.8257575757575758,0.6310861423220974,0.6891385767790262,0.20786516853932585,0.4891258086482806,138
12095012202,7266,62180.0,13.574785734033728,2159,8571.36189440459,2.0,0.2752546105147261,0.0,0.0,0.0,0.8202247191011236,0.32575757575757575,0.3052434456928839,0.5674157303370786,0.20786516853932585,0.48800221314266257,139
12095019000,4445,71391.0,7.154105736782903,2862,3405.595723946262,14.0,3.149606299212598,2.0,5.0,100.0,0.3857677902621723,0.4431818181818182,0.6704119850187266,0.1685393258426966,0.9887640449438202,0.4874510554988083,140
12095016302,4067,55234.0,19.203343988197688,1838,5325.305873023576,9.0,2.2129333661175314,26.0,2.0,61.0,0.3295880149812734,0.18181818181818182,0.8782771535580525,0.24906367041198507,0.9288389513108615,0.4869169220292816,141
12095016751,6407,125927.0,13.282347432495708,2173,2568.1995006265706,6.0,0.9364757296706727,0.0,2.0,0.0,0.704119850187266,0.8977272727272727,0.3052434456928839,0.33333333333333337,0.20786516853932585,0.48625085120871636,142
12095016808,1517,120938.0,3.493737640079104,561,1074.6912119493043,0.0,0.0,0.0,0.0,4.0,0.018726591760299626,0.8598484848484849,0.3052434456928839,0.8745318352059925,0.48314606741573035,0.48581247871978206,143
12095016710,4359,83690.0,10.585533869115958,1559,2330.0306669747297,0.0,0.0,0.0,0.0,0.0,0.36329588014981273,0.5568181818181818,0.3052434456928839,0.8745318352059925,0.20786516853932585,0.48520812053115425,144
12095013505,5849,53190.0,19.866643870747136,2456,6067.350930154038,0.0,0.0,0.0,0.0,0.0,0.6142322097378277,0.13636363636363635,0.3052434456928839,0.8745318352059925,0.20786516853932585,0.4848740211099761,145
12095014909,3742,98203.0,9.372453137734311,1011,5337.08211776484,0.0,0.0,0.0,0.0,0.0,0.2696629213483146,0.6818181818181818,0.3052434456928839,0.8745318352059925,0.20786516853932585,0.4805498808307797,146
12095014805,6198,70844.0,21.784734548975308,2307,5103.613059637836,3.0,0.484027105517909,0.0,2.0,1.0,0.6666666666666666,0.42803030303030304,0.3052434456928839,0.49250936329588013,0.43258426966292135,0.47993488253319716,147
12095017702,2637,125000.0,1.2790697674418605,884,1531.1685258851332,0.0,0.0,0.0,0.0,0.0,0.13857677902621723,0.8939393939393939,0.3052434456928839,0.8745318352059925,0.20786516853932585,0.4795965270684372,148
12095014815,5533,198920.0,1.1024760527742636,1742,2084.997738667673,5.0,0.9036688957166095,0.0,1.0,0.0,0.5599250936329588,0.9886363636363636,0.3052434456928839,0.39513108614232206,0.20786516853932585,0.47928796390875045,149
12095015202,6887,43610.0,17.468019408910454,2589,3393.7932924892743,8.0,1.1616088282270944,0.0,0.0,79.0,0.7865168539325843,0.056818181818181816,0.3052434456928839,0.26779026217228463,0.9700374531835206,0.47865381341504937,150
12095013512,5037,49500.0,19.356759976176296,1950,7616.838209147373,12.0,2.3823704586063137,13.0,0.0,45.0,0.4756554307116105,0.0946969696969697,0.8089887640449438,0.1966292134831461,0.8913857677902621,0.4777813244807626,151
12095016716,5411,103226.0,7.207540195897247,1970,2059.4827177424613,2.0,0.36961744594344853,0.0,2.0,0.0,0.5393258426966292,0.7234848484848485,0.3052434456928839,0.5674157303370786,0.20786516853932585,0.4774365849506299,152
12095011701,4372,64009.0,14.144504589315133,1779,4111.868524286087,1.0,0.22872827081427266,0.0,0.0,14.0,0.36704119850187267,0.3446969696969697,0.3052434456928839,0.6891385767790262,0.6647940074906367,0.47651727953694245,153
12095016803,2137,77083.0,10.060832943378568,982,435.7417693716492,0.0,0.0,0.0,0.0,18.0,0.056179775280898875,0.5037878787878788,0.3052434456928839,0.8745318352059925,0.7116104868913857,0.4760363466121893,154
12095016715,6719,81541.0,13.58081271005194,2256,4041.0600658124504,4.0,0.5953266855186784,0.0,0.0,0.0,0.7602996254681648,0.5416666666666666,0.3052434456928839,0.449438202247191,0.20786516853932585,0.47591292134831464,155
12095011200,3233,103750.0,12.968121324667287,1747,3928.0884708500002,0.0,0.0,0.0,0.0,0.0,0.21722846441947566,0.7272727272727273,0.3052434456928839,0.8745318352059925,0.20786516853932585,0.4742594484167518,156
12095015106,7559,52993.0,14.489876935291782,2641,4101.9729526330375,5.0,0.6614631565021828,0.0,1.0,8.0,0.846441947565543,0.13257575757575757,0.3052434456928839,0.39513108614232206,0.550561797752809,0.473912580864828,157
12095014906,6888,69464.0,15.5154091392136,2375,2492.7523130031045,22.0,3.193960511033682,0.0,3.0,43.0,0.7902621722846442,0.3977272727272727,0.3052434456928839,0.0955056179775281,0.8782771535580525,0.4738913006469187,158
12095013606,4119,68750.0,24.204904102937604,1587,1436.9319924536617,21.0,5.098324836125273,15.0,0.0,50.0,0.3445692883895131,0.38636363636363635,0.8314606741573034,0.10486891385767794,0.9063670411985019,0.47256128702757916,159
12095016745,4576,100556.0,5.965909090909091,1422,2291.0018542450316,1.0,0.21853146853146854,0.0,0.0,0.0,0.4157303370786517,0.6931818181818182,0.3052434456928839,0.6891385767790262,0.20786516853932585,0.4724229656111679,160
12095014814,6131,124385.0,3.523079432392758,2261,2633.4230536394025,6.0,0.9786331756646549,0.0,1.0,0.0,0.6591760299625468,0.8787878787878788,0.3052434456928839,0.33333333333333337,0.20786516853932585,0.4721739870616275,161
12095015602,2073,198409.0,2.9908345393150024,753,2955.510476053906,0.0,0.0,0.0,0.0,0.0,0.052434456928838954,0.9848484848484849,0.3052434456928839,0.8745318352059925,0.20786516853932585,0.47169731018045624,162
12095017119,2384,131406.0,4.76595744680851,759,1956.8669544055028,0.0,0.0,0.0,0.0,0.0,0.09363295880149813,0.9128787878787878,0.3052434456928839,0.8745318352059925,0.20786516853932585,0.4712014811031665,163
12095017808,3877,115052.0,6.803962460896767,1695,3096.1814304884356,2.0,0.5158627805003869,0.0,0.0,5.0,0.30337078651685395,0.7916666666666666,0.3052434456928839,0.5674157303370786,0.49063670411985016,0.47109082397003743,164
12095016724,6734,61448.0,19.473371020529605,2459,5442.075090407009,2.0,0.29700029700029695,0.0,1.0,0.0,0.7677902621722846,0.29924242424242425,0.3052434456928839,0.5674157303370786,0.20786516853932585,0.47091632618318013,165
12095012800,3860,154886.0,3.6420395421436007,1717,3080.6759388533524,6.0,1.5544041450777202,0.0,0.0,21.0,0.2958801498127341,0.9545454545454546,0.3052434456928839,0.33333333333333337,0.7284644194756554,0.47080354102826016,166
12095015801,1876,237446.0,0.5971769815418024,710,2895.9750422790075,0.0,0.0,0.0,0.0,0.0,0.03745318352059925,1.0,0.3052434456928839,0.8745318352059925,0.20786516853932585,0.4702247191011236,167
12095013511,6241,55280.0,17.40105752283288,2535,4882.390564437035,4.0,0.6409229290177856,0.0,0.0,14.0,0.6741573033707865,0.1856060606060606,0.3052434456928839,0.449438202247191,0.6647940074906367,0.46950757575757573,168
12095017118,5040,157975.0,2.4965048931495906,1796,1932.8152139564422,21.0,4.166666666666667,0.0,1.0,27.0,0.4794007490636704,0.9621212121212122,0.3052434456928839,0.10486891385767794,0.7808988764044944,0.46856911814776986,169
12095013513,4490,45598.0,18.485523385300667,2270,8552.392008116245,0.0,0.0,0.0,0.0,7.0,0.39325842696629215,0.07196969696969698,0.3052434456928839,0.8745318352059925,0.5224719101123596,0.4671624957439564,170
12095013201,4648,66189.0,20.147313691507797,1648,4255.259302574166,2.0,0.43029259896729777,0.0,1.0,15.0,0.42696629213483145,0.36742424242424243,0.3052434456928839,0.5674157303370786,0.6797752808988764,0.4667241232550221,171
12095017813,2218,123125.0,5.370960400546199,729,341.5300778476126,0.0,0.0,0.0,0.0,0.0,0.07116104868913857,0.8712121212121212,0.3052434456928839,0.8745318352059925,0.20786516853932585,0.45933350357507663,172
12095016742,3653,61583.0,11.634273200109499,2130,10016.978552924822,2.0,0.5474952094169175,32.0,0.0,0.0,0.24719101123595505,0.3068181818181818,0.8913857677902621,0.5674157303370786,0.20786516853932585,0.459131341504937,173
12095014811,4514,114858.0,6.623836951705804,2143,2211.354622037346,2.0,0.44306601683650865,0.0,0.0,0.0,0.3970037453183521,0.7878787878787878,0.3052434456928839,0.5674157303370786,0.20786516853932585,0.45151515151515154,174
12095014400,3037,89521.0,7.276819204801201,1458,2948.7047964268227,2.0,0.6585446163977609,0.0,1.0,18.0,0.1947565543071161,0.6136363636363636,0.3052434456928839,0.5674157303370786,0.7116104868913857,0.4503787878787879,175
12095016752,3669,115625.0,6.050695012264922,1364,2179.016359727117,1.0,0.2725538293813028,0.0,1.0,0.0,0.2546816479400749,0.803030303030303,0.3052434456928839,0.6891385767790262,0.20786516853932585,0.4486380660537964,176
12095015300,3678,98359.0,7.694532831935204,1812,2459.526225952688,6.0,1.6313213703099512,0.0,1.0,50.0,0.25842696629213485,0.6856060606060606,0.3052434456928839,0.33333333333333337,0.9063670411985019,0.4477847293156282,177
12095017115,3781,185417.0,5.2842273819055245,1587,1040.5066563038304,6.0,1.5868817773075905,0.0,1.0,9.0,0.27715355805243447,0.9810606060606061,0.3052434456928839,0.33333333333333337,0.5692883895131086,0.4462227613210759,178
12095013801,2247,110000.0,6.2298107983387165,1193,4446.0614696815865,0.0,0.0,0.0,0.0,0.0,0.07865168539325842,0.7689393939393939,0.3052434456928839,0.8745318352059925,0.20786516853932585,0.44586525366019747,179
12095016909,4961,55617.0,20.09675468655513,1850,11480.429389226083,1.0,0.20157226365652087,0.0,0.0,1.0,0.4681647940074906,0.19696969696969696,0.3052434456928839,0.6891385767790262,0.43258426966292135,0.4448076268300988,180
12095017018,5794,59706.0,17.12115982050397,2752,3175.324085650685,9.0,1.5533310321021747,0.0,2.0,43.0,0.599250936329588,0.26515151515151514,0.3052434456928839,0.24906367041198507,0.8782771535580525,0.4446416411304052,181
12095016723,5145,82358.0,11.50078369905956,1700,3904.7666957303495,2.0,0.38872691933916426,0.0,0.0,0.0,0.5056179775280899,0.553030303030303,0.3052434456928839,0.5674157303370786,0.20786516853932585,0.44344143684031323,182
12095016733,5823,59379.0,9.377693501120495,2420,4990.095502025452,5.0,0.858663918942126,0.0,1.0,11.0,0.602996254681648,0.26136363636363635,0.3052434456928839,0.39513108614232206,0.6048689138576779,0.44051540687776647,183
12095012100,7756,46196.0,20.54228534538412,2515,7822.571019246114,6.0,0.773594636410521,0.0,1.0,2.0,0.8614232209737828,0.07954545454545454,0.3052434456928839,0.33333333333333337,0.45880149812734083,0.4404898706162751,184
12095012305,7344,51323.0,18.423202614379086,2588,6446.422646931532,3.0,0.4084967320261438,0.0,0.0,0.0,0.8239700374531835,0.11742424242424243,0.3052434456928839,0.49250936329588013,0.20786516853932585,0.43896195097037793,185
12095013701,4050,61677.0,21.584158415841586,2332,7884.630215196257,0.0,0.0,0.0,0.0,0.0,0.32209737827715357,0.3106060606060606,0.3052434456928839,0.8745318352059925,0.20786516853932585,0.43797667688117126,186
12095017011,5088,74773.0,11.7242773398019,1827,1613.4273040502992,15.0,2.94811320754717,0.0,7.0,77.0,0.4868913857677903,0.4734848484848485,0.3052434456928839,0.15543071161048694,0.9644194756554307,0.43731486210418796,187
12095011300,4940,124402.0,6.447613143211408,2424,4281.053730204644,15.0,3.0364372469635628,0.0,0.0,10.0,0.46441947565543074,0.8825757575757576,0.3052434456928839,0.15543071161048694,0.5861423220973783,0.4363189479060266,188
12095012405,4854,45189.0,15.292662819455893,2087,12126.785633545769,0.0,0.0,0.0,0.0,0.0,0.45692883895131087,0.06439393939393939,0.3052434456928839,0.8745318352059925,0.20786516853932585,0.43475272386789243,189
12095012900,4113,108304.0,5.4126867499387705,2243,3926.343371523138,15.0,3.6469730123997084,15.0,4.0,0.0,0.33707865168539325,0.75,0.8314606741573034,0.15543071161048694,0.20786516853932585,0.4330992509363296,190
12095016754,5223,59735.0,7.4861190886463715,1566,7080.048014253773,1.0,0.19146084625694046,0.0,0.0,0.0,0.5093632958801498,0.2689393939393939,0.3052434456928839,0.6891385767790262,0.20786516853932585,0.43219484167517874,191
12095011000,3207,121250.0,7.920174618023075,1843,4799.472484967867,6.0,1.8709073900841908,2.0,0.0,0.0,0.20973782771535582,0.865530303030303,0.6704119850187266,0.33333333333333337,0.20786516853932585,0.43085950800136197,192
12095010202,3988,101599.0,12.45859872611465,2872,10574.237182257093,13.0,3.259779338014042,2.0,1.0,1.0,0.3146067415730337,0.7159090909090909,0.6704119850187266,0.18164794007490637,0.43258426966292135,0.43042007150153216,193
12095018700,5512,39122.0,31.61708619374523,2389,1480.9231198068285,6.0,1.0885341074020318,0.0,3.0,73.0,0.550561797752809,0.030303030303030304,0.3052434456928839,0.33333333333333337,0.949438202247191,0.4289836567926456,194
12095017019,5097,65604.0,30.311948204826365,1687,7562.136868664766,4.0,0.7847753580537571,0.0,2.0,7.0,0.49063670411985016,0.35984848484848486,0.3052434456928839,0.449438202247191,0.5224719101123596,0.42841547497446375,195
12095017004,6395,70737.0,9.103707179727827,2911,2821.405094217328,35.0,5.473025801407349,0.0,0.0,31.0,0.6966292134831461,0.4166666666666667,0.3052434456928839,0.03745318352059923,0.797752808988764,0.42673220973782766,196
12095011600,3806,56212.0,8.854440357330532,1914,2544.5249503381774,3.0,0.788229111928534,0.0,1.0,53.0,0.2846441947565543,0.21212121212121213,0.3052434456928839,0.49250936329588013,0.9176029962546817,0.4247957099080694,197
12095014502,5413,41172.0,30.910439458557388,2678,10984.130258392872,3.0,0.5542213190467393,0.0,0.0,13.0,0.5430711610486891,0.041666666666666664,0.3052434456928839,0.49250936329588013,0.6441947565543071,0.42282303370786517,198
12095012201,6263,61916.0,20.104694912481598,1971,7081.740791272147,4.0,0.6386715631486508,0.0,0.0,0.0,0.6816479400749064,0.3181818181818182,0.3052434456928839,0.449438202247191,0.20786516853932585,0.42272727272727273,199
12095013403,3432,54583.0,23.776223776223777,1393,7033.594900270539,4.0,1.1655011655011656,5.0,1.0,7.0,0.23595505617977527,0.17045454545454544,0.7340823970037453,0.449438202247191,0.5224719101123596,0.4221037623425264,200
12095016414,3583,64648.0,7.814680435389339,1730,5601.767587683741,4.0,1.1163829193413342,14.0,1.0,0.0,0.24344569288389514,0.3522727272727273,0.8202247191011236,0.449438202247191,0.20786516853932585,0.4212866019748042,201
12095016812,6597,75566.0,8.443231772017585,2415,5678.943312998868,7.0,1.0610883735031076,0.0,1.0,0.0,0.7340823970037453,0.48863636363636365,0.3052434456928839,0.2865168539325843,0.20786516853932585,0.4206737316990127,202
12095013510,2403,58125.0,17.478152309612984,1167,14373.735960151871,0.0,0.0,0.0,0.0,7.0,0.10112359550561797,0.23484848484848486,0.3052434456928839,0.8745318352059925,0.5224719101123596,0.4185606060606061,203
12095014812,6596,60578.0,26.591873862947242,2855,2384.6966739244226,114.0,17.283201940570045,0.0,3.0,41.0,0.7303370786516854,0.2840909090909091,0.3052434456928839,0.0074906367041198685,0.8632958801498127,0.41761363636363635,204
12095017809,3698,86039.0,23.251313243019077,1241,2538.445583359196,1.0,0.2704164413196323,0.0,0.0,0.0,0.26217228464419473,0.5795454545454546,0.3052434456928839,0.6891385767790262,0.20786516853932585,0.41698799795709907,205
12095016902,5612,51761.0,20.616535994297934,1995,1481.5300989683626,13.0,2.316464718460442,0.0,4.0,76.0,0.5767790262172284,0.125,0.3052434456928839,0.18164794007490637,0.9588014981273408,0.4132256554307116,206
12095015702,1520,151875.0,3.75,676,2431.129773571902,1.0,0.6578947368421052,0.0,0.0,0.0,0.02247191011235955,0.946969696969697,0.3052434456928839,0.6891385767790262,0.20786516853932585,0.41217654068777665,207
12095016402,2796,58464.0,9.120521172638437,1112,2754.725838373033,5.0,1.78826895565093,13.0,2.0,6.0,0.15355805243445692,0.24621212121212122,0.8089887640449438,0.39513108614232206,0.49812734082397003,0.4106209567585972,208
12095016904,3798,55539.0,28.738379814077025,1351,7626.388234284412,0.0,0.0,0.0,0.0,0.0,0.2808988764044944,0.19318181818181818,0.3052434456928839,0.8745318352059925,0.20786516853932585,0.41006341504937016,209
12095012306,3993,70997.0,7.5452716297786715,1154,4068.6811311104047,1.0,0.25043826696719257,0.0,0.0,0.0,0.31835205992509363,0.4356060606060606,0.3052434456928839,0.6891385767790262,0.20786516853932585,0.4094420326864147,210
12095016728,5237,115776.0,7.867099484437655,2101,4815.813540631548,8.0,1.5275921329005155,0.0,2.0,0.0,0.5131086142322098,0.8068181818181818,0.3052434456928839,0.26779026217228463,0.20786516853932585,0.40847591079332657,211
12095015203,2897,71638.0,10.73524335519503,1725,2324.525241235625,5.0,1.7259233690024163,1.0,0.0,2.0,0.17228464419475656,0.45075757575757575,0.6310861423220974,0.39513108614232206,0.45880149812734083,0.4045050221314266,212
12095013406,4810,70948.0,10.76923076923077,1483,9155.096111423438,5.0,1.0395010395010396,0.0,0.0,2.0,0.4419475655430712,0.4318181818181818,0.3052434456928839,0.39513108614232206,0.45880149812734083,0.40391130405175346,213
12095013802,2450,71250.0,8.227067050596462,1104,3524.112341975145,0.0,0.0,0.0,0.0,0.0,0.10486891385767791,0.4393939393939394,0.3052434456928839,0.8745318352059925,0.20786516853932585,0.40298774259448417,214
12095013900,4746,93256.0,8.449220396123051,2222,4331.137208260675,25.0,5.267593763168985,0.0,4.0,23.0,0.4344569288389513,0.6325757575757576,0.3052434456928839,0.0786516853932584,0.7453183520599251,0.39600995914198167,215
12095017805,2991,109141.0,3.0062197650310987,1130,103.20873492888072,2.0,0.6686726847208291,0.0,1.0,0.0,0.18352059925093633,0.7613636363636364,0.3052434456928839,0.5674157303370786,0.20786516853932585,0.39416709227102487,216
12095017807,4251,73441.0,18.301576099741236,1521,4584.969871154895,6.0,1.4114326040931546,0.0,4.0,11.0,0.352059925093633,0.4659090909090909,0.3052434456928839,0.33333333333333337,0.6048689138576779,0.3930137044603337,217
12095013803,2992,75762.0,12.800802139037435,1155,4941.130682452621,1.0,0.3342245989304813,0.0,0.0,0.0,0.18726591760299627,0.49242424242424243,0.3052434456928839,0.6891385767790262,0.20786516853932585,0.3851932243786177,218
12095012500,2342,55924.0,13.065755764304013,1298,2960.2002016590677,2.0,0.8539709649871904,0.0,0.0,40.0,0.0898876404494382,0.20454545454545456,0.3052434456928839,0.5674157303370786,0.8539325842696629,0.38414623765747363,219
12095016738,4447,54023.0,6.037221970040854,1849,5151.995335953687,1.0,0.22487069934787499,0.0,0.0,0.0,0.3895131086142322,0.14772727272727273,0.3052434456928839,0.6891385767790262,0.20786516853932585,0.3840504766768812,220
12095016406,1690,57143.0,28.5207100591716,1104,1559.27391453967,7.0,4.1420118343195265,4.0,1.0,39.0,0.0299625468164794,0.22727272727272727,0.7209737827715356,0.2865168539325843,0.8426966292134831,0.38381001021450456,221
12095014809,2934,157361.0,1.0259917920656634,1413,1339.266536730572,5.0,1.7041581458759374,0.0,2.0,0.0,0.1760299625468165,0.9583333333333334,0.3052434456928839,0.39513108614232206,0.20786516853932585,0.3787687265917603,222
12095016001,2583,77596.0,9.767891682785299,707,5776.077229296806,23.0,8.904374758033295,2.0,0.0,23.0,0.1348314606741573,0.5075757575757576,0.6704119850187266,0.08801498127340823,0.7453183520599251,0.3777281239359891,223
12095017600,5521,41930.0,35.59137837348306,2042,2668.249844946833,10.0,1.8112660749864156,0.0,2.0,24.0,0.5543071161048689,0.045454545454545456,0.3052434456928839,0.22846441947565543,0.7565543071161048,0.37704290091930537,224
12095015005,3155,88556.0,1.9224607497596924,1162,2390.88253580803,2.0,0.6339144215530903,0.0,1.0,0.0,0.20599250936329588,0.6060606060606061,0.3052434456928839,0.5674157303370786,0.20786516853932585,0.3764896152536602,225
12095016756,2664,154556.0,3.153153153153153,1032,778.4801038646176,10.0,3.7537537537537538,0.0,2.0,7.0,0.14606741573033707,0.9507575757575758,0.3052434456928839,0.22846441947565543,0.5224719101123596,0.3756660708205652,226
12095016604,4550,95893.0,14.483516483516484,1857,49.009619568447945,6.0,1.3186813186813187,0.0,1.0,0.0,0.40823970037453183,0.6477272727272727,0.3052434456928839,0.33333333333333337,0.20786516853932585,0.37478081375553285,227
12095013605,3746,64976.0,21.316783594171614,1660,4952.752502672377,6.0,1.601708489054992,0.0,2.0,18.0,0.27340823970037453,0.3560606060606061,0.3052434456928839,0.33333333333333337,0.7116104868913857,0.3728847463398025,228
12095017012,2819,92031.0,11.564384533522526,1044,2959.73322997151,5.0,1.77367860943597,0.0,1.0,7.0,0.16104868913857678,0.6212121212121212,0.3052434456928839,0.39513108614232206,0.5224719101123596,0.3716462376574736,229
12095016910,1166,66707.0,6.089193825042882,435,6472.888514114243,0.0,0.0,0.0,0.0,0.0,0.0149812734082397,0.3712121212121212,0.3052434456928839,0.8745318352059925,0.20786516853932585,0.3702885597548519,230
12095014813,4422,99699.0,19.036482694106642,2620,4807.316764188978,28.0,6.331976481230212,1.0,3.0,0.0,0.37453183520599254,0.6893939393939394,0.6310861423220974,0.0561797752808989,0.20786516853932585,0.3684839972761321,231
12095016714,3282,80478.0,12.754452926208652,1061,2763.7695970292943,2.0,0.6093845216331506,0.0,1.0,0.0,0.2209737827715356,0.5265151515151515,0.3052434456928839,0.5674157303370786,0.20786516853932585,0.36830311542390193,232
12095016505,2573,54882.0,11.115429459774582,1250,2945.560670734322,5.0,1.94325689856199,27.0,2.0,0.0,0.13108614232209737,0.17424242424242425,0.8857677902621723,0.39513108614232206,0.20786516853932585,0.3660240040858019,233
12095016413,4314,57047.0,9.318497913769123,1823,3207.4312685953187,7.0,1.6226240148354196,3.0,1.0,0.0,0.35580524344569286,0.22348484848484848,0.702247191011236,0.2865168539325843,0.20786516853932585,0.36573246510044266,234
12095017026,3823,101047.0,3.5835731101229404,2237,1540.4886275815156,13.0,3.4004708344232277,0.0,2.0,8.0,0.2883895131086142,0.696969696969697,0.3052434456928839,0.18164794007490637,0.550561797752809,0.3656877766428328,235
12095015901,2460,64291.0,22.819346837536173,1488,2890.6104184766905,29.0,11.788617886178862,3.0,8.0,44.0,0.10861423220973783,0.3484848484848485,0.702247191011236,0.048689138576779034,0.8857677902621723,0.3649131767109295,236
12095016906,3039,31042.0,43.3037183283975,2211,9485.043763529879,1.0,0.3290556103981573,0.0,0.0,7.0,0.19850187265917604,0.022727272727272728,0.3052434456928839,0.6891385767790262,0.5224719101123596,0.3647386789240722,237
12095010802,3507,133625.0,6.456282570932252,1737,5115.3019996789935,16.0,4.562303963501568,0.0,0.0,2.0,0.2397003745318352,0.9204545454545454,0.3052434456928839,0.14232209737827717,0.45880149812734083,0.36344271365338776,238
12095018500,2982,61974.0,17.254763585038816,1385,1945.528279187353,7.0,2.347417840375587,0.0,1.0,51.0,0.1797752808988764,0.32196969696969696,0.3052434456928839,0.2865168539325843,0.9138576779026217,0.3629958290772898,239
12095010400,1141,21410.0,45.92462751971954,558,5460.485323184151,0.0,0.0,0.0,0.0,7.0,0.011235955056179775,0.007575757575757576,0.3052434456928839,0.8745318352059925,0.5224719101123596,0.3619977868573374,240
12095013603,4553,54112.0,18.74296012615454,2257,5646.07975939005,11.0,2.415989457500549,0.0,4.0,32.0,0.41198501872659177,0.15151515151515152,0.3052434456928839,0.21161048689138573,0.8071161048689138,0.36074225400068094,241
12095018204,2284,72462.0,15.761821366024517,975,4113.078859872412,4.0,1.7513134851138354,0.0,0.0,13.0,0.08239700374531835,0.4621212121212121,0.3052434456928839,0.449438202247191,0.6441947565543071,0.359954885938032,242
12095010201,1958,85051.0,10.674157303370785,1557,6191.846663272333,10.0,5.107252298263534,3.0,0.0,1.0,0.04868913857677903,0.5681818181818182,0.702247191011236,0.22846441947565543,0.43258426966292135,0.35985274089206676,243
12095017121,3380,95700.0,21.09467455621302,2153,3743.175078024149,28.0,8.284023668639053,1.0,3.0,1.0,0.23220973782771537,0.6439393939393939,0.6310861423220974,0.0561797752808989,0.43258426966292135,0.3597931562819203,244
12095014701,5271,46727.0,14.222901930797171,2189,3391.8333418577454,18.0,3.414911781445646,0.0,3.0,35.0,0.5168539325842697,0.08333333333333333,0.3052434456928839,0.1292134831460674,0.8239700374531835,0.3586610486891386,245
12095018400,2401,75208.0,7.038733860891296,1195,1007.984280254304,32.0,13.327780091628489,1.0,10.0,38.0,0.09737827715355805,0.48295454545454547,0.6310861423220974,0.041198501872659166,0.8333333333333334,0.3583046050391556,246
12095013402,3716,67194.0,8.611410118406889,1512,4859.991060468648,2.0,0.5382131324004306,0.0,0.0,0.0,0.26591760299625467,0.3787878787878788,0.3052434456928839,0.5674157303370786,0.20786516853932585,0.35737997957099077,247
12095016741,2883,63878.0,18.03676725633021,1941,4917.627690907941,26.0,9.018383628165106,24.0,5.0,1.0,0.16853932584269662,0.3409090909090909,0.8651685393258427,0.07116104868913853,0.43258426966292135,0.34898280558392913,248
12095013405,2476,43288.0,24.79806138933764,1006,10420.370387204648,0.0,0.0,0.0,0.0,0.0,0.11235955056179775,0.04924242424242424,0.3052434456928839,0.8745318352059925,0.20786516853932585,0.34633767449778685,249
12095017703,4414,39338.0,43.69630833526817,1708,2945.5069255103267,16.0,3.6248300860897147,0.0,2.0,63.0,0.3707865168539326,0.03409090909090909,0.3052434456928839,0.14232209737827717,0.9325842696629213,0.3343271195097038,250
12095014202,4580,50000.0,14.06113537117904,1747,2136.3800497834195,39.0,8.51528384279476,0.0,17.0,91.0,0.41947565543071164,0.09848484848484848,0.3052434456928839,0.029962546816479363,0.9737827715355806,0.3342483827034389,251
12095018100,3228,81000.0,23.110285006195788,1136,1743.7468832486886,10.0,3.0978934324659235,0.0,2.0,8.0,0.21348314606741572,0.5303030303030303,0.3052434456928839,0.22846441947565543,0.550561797752809,0.3336653047327205,252
12095014605,3892,53272.0,13.1551901336074,1622,4333.791233098391,2.0,0.513874614594039,0.0,1.0,0.0,0.30711610486891383,0.14015151515151514,0.3052434456928839,0.5674157303370786,0.20786516853932585,0.331884150493701,253
12095013503,2300,45386.0,22.91304347826087,1078,13973.171605502972,1.0,0.4347826086956522,0.0,0.0,1.0,0.08614232209737828,0.06818181818181818,0.3052434456928839,0.6891385767790262,0.43258426966292135,0.3299838270343889,254
12095016509,4548,58233.0,18.66754617414248,2537,2573.661093756145,5.0,1.0993843447669307,0.0,1.0,0.0,0.4044943820224719,0.23863636363636365,0.3052434456928839,0.39513108614232206,0.20786516853932585,0.3279302860061287,255
12095013702,5533,56148.0,8.09687330562082,2447,7258.0470441031675,9.0,1.626604012289897,0.0,1.0,0.0,0.5599250936329588,0.20833333333333334,0.3052434456928839,0.24906367041198507,0.20786516853932585,0.32572565543071164,256
12095016813,2523,68977.0,12.405866032500992,1034,5607.502140208578,5.0,1.9817677368212443,0.0,1.0,4.0,0.12734082397003746,0.39015151515151514,0.3052434456928839,0.39513108614232206,0.48314606741573035,0.3226613040517535,257
12095018300,2478,27885.0,32.24374495560936,1402,1229.1725589177288,6.0,2.4213075060532687,0.0,0.0,67.0,0.11610486891385768,0.015151515151515152,0.3052434456928839,0.33333333333333337,0.9438202247191011,0.317254000680967,258
12095016740,3871,69375.0,14.13071557737019,1458,2514.4386787705694,19.0,4.9082924308964095,0.0,4.0,1.0,0.299625468164794,0.3939393939393939,0.3052434456928839,0.1179775280898876,0.43258426966292135,0.2894279877425945,259
12095016605,1613,61576.0,21.698698078115314,648,526.2147275893207,2.0,1.2399256044637321,0.0,0.0,0.0,0.026217228464419477,0.30303030303030304,0.3052434456928839,0.5674157303370786,0.20786516853932585,0.28609124957439563,260
12095010500,939,14820.0,58.25346112886049,714,3062.1223782956863,3.0,3.1948881789137378,0.0,0.0,12.0,0.00749063670411985,0.003787878787878788,0.3052434456928839,0.49250936329588013,0.6235955056179775,0.28015619679945525,261
12095014703,2148,61296.0,11.731843575418994,1122,3391.2518868090146,11.0,5.121042830540037,0.0,2.0,10.0,0.06367041198501873,0.29545454545454547,0.3052434456928839,0.21161048689138573,0.5861423220973783,0.26210844399046646,262
12095017023,1746,52768.0,22.416302765647742,955,1265.3726665053046,21.0,12.027491408934708,0.0,0.0,55.0,0.033707865168539325,0.12878787878787878,0.3052434456928839,0.10486891385767794,0.9232209737827716,0.2534942117807287,263
12095016908,2146,57473.0,25.629077353215283,1043,3430.339850964123,19.0,8.853681267474371,1.0,5.0,0.0,0.0599250936329588,0.23106060606060605,0.6310861423220974,0.1179775280898876,0.20786516853932585,0.23653175008512087,264
12095016515,12624,,,0,5851.2945377924325,23.0,1.8219264892268694,0.0,0.0,1.0,0.9662921348314607,,0.3052434456928839,0.08801498127340823,0.43258426966292135,,268
12095018901,4083,,20.46908315565032,2180,3699.63869327091,4.0,0.9796718099436689,3.0,0.0,9.0,0.3333333333333333,,0.702247191011236,0.449438202247191,0.5692883895131086,,268
12095990000,0,,,0,,0.0,,0.0,0.0,0.0,0.003745318352059925,,0.3052434456928839,0.8745318352059925,0.20786516853932585,,268
