geo_id,geography,Population,Family households,Married-couple family households,Other family households,"Male householder, no spouse present","Female householder, no spouse present",Nonfamily households,Householder living alone,Householder not living alone
1400000US12095010201,Census Tract 102.01; Orange County; Florida,1302,412,247,165,15,150,890,769,121
1400000US12095010202,Census Tract 102.02; Orange County; Florida,2539,690,621,69,44,25,1849,1535,314
1400000US12095010300,Census Tract 103; Orange County; Florida,2137,396,363,33,27,6,1741,1491,250
1400000US12095010400,Census Tract 104; Orange County; Florida,404,240,24,216,34,182,164,139,25
1400000US12095010500,Census Tract 105; Orange County; Florida,479,248,65,183,32,151,231,206,25
1400000US12095010802,Census Tract 108.02; Orange County; Florida,1607,739,579,160,91,69,868,381,487
1400000US12095011000,Census Tract 110; Orange County; Florida,1566,866,655,211,24,187,700,450,250
1400000US12095011100,Census Tract 111; Orange County; Florida,1688,690,406,284,220,64,998,628,370
1400000US12095011200,Census Tract 112; Orange County; Florida,1487,757,570,187,57,130,730,555,175
1400000US12095011300,Census Tract 113; Orange County; Florida,2259,1240,1025,215,51,164,1019,775,244
1400000US12095011600,Census Tract 116; Orange County; Florida,1367,969,528,441,193,248,398,286,112
1400000US12095011701,Census Tract 117.01; Orange County; Florida,1349,967,363,604,215,389,382,343,39
1400000US12095011702,Census Tract 117.02; Orange County; Florida,1515,825,453,372,27,345,690,631,59
1400000US12095012000,Census Tract 120; Orange County; Florida,2311,1704,627,1077,312,765,607,478,129
1400000US12095012100,Census Tract 121; Orange County; Florida,2360,1883,702,1181,175,1006,477,317,160
1400000US12095012201,Census Tract 122.01; Orange County; Florida,1687,1253,646,607,162,445,434,278,156
1400000US12095012202,Census Tract 122.02; Orange County; Florida,2011,1663,798,865,268,597,348,229,119
1400000US12095012303,Census Tract 123.03; Orange County; Florida,2528,2223,1615,608,98,510,305,241,64
1400000US12095012304,Census Tract 123.04; Orange County; Florida,2284,1911,1285,626,172,454,373,286,87
1400000US12095012305,Census Tract 123.05; Orange County; Florida,2297,1677,786,891,164,727,620,461,159
1400000US12095012306,Census Tract 123.06; Orange County; Florida,1090,911,683,228,60,168,179,132,47
1400000US12095012307,Census Tract 123.07; Orange County; Florida,2352,1697,753,944,258,686,655,648,7
1400000US12095012402,Census Tract 124.02; Orange County; Florida,2416,956,445,511,132,379,1460,1129,331
1400000US12095012403,Census Tract 124.03; Orange County; Florida,2142,1383,570,813,141,672,759,486,273
1400000US12095012404,Census Tract 124.04; Orange County; Florida,1845,1193,370,823,131,692,652,339,313
1400000US12095012405,Census Tract 124.05; Orange County; Florida,1915,1247,500,747,0,747,668,464,204
1400000US12095012500,Census Tract 125; Orange County; Florida,1089,453,364,89,25,64,636,455,181
1400000US12095012600,Census Tract 126; Orange County; Florida,2407,1402,1307,95,16,79,1005,550,455
1400000US12095012701,Census Tract 127.01; Orange County; Florida,2424,1234,938,296,143,153,1190,747,443
1400000US12095012800,Census Tract 128; Orange County; Florida,1557,1215,1100,115,58,57,342,324,18
1400000US12095012900,Census Tract 129; Orange County; Florida,2021,923,634,289,24,265,1098,682,416
1400000US12095013201,Census Tract 132.01; Orange County; Florida,1511,1099,799,300,96,204,412,241,171
1400000US12095013202,Census Tract 132.02; Orange County; Florida,2849,1720,1103,617,195,422,1129,841,288
1400000US12095013300,Census Tract 133; Orange County; Florida,2660,1725,1270,455,145,310,935,850,85
1400000US12095013402,Census Tract 134.02; Orange County; Florida,1336,1114,697,417,106,311,222,151,71
1400000US12095013403,Census Tract 134.03; Orange County; Florida,1292,804,470,334,111,223,488,346,142
1400000US12095013405,Census Tract 134.05; Orange County; Florida,963,532,216,316,76,240,431,262,169
1400000US12095013406,Census Tract 134.06; Orange County; Florida,1460,1062,533,529,163,366,398,211,187
1400000US12095013503,Census Tract 135.03; Orange County; Florida,981,411,272,139,87,52,570,382,188
1400000US12095013505,Census Tract 135.05; Orange County; Florida,2010,1179,641,538,167,371,831,644,187
1400000US12095013507,Census Tract 135.07; Orange County; Florida,3872,2370,981,1389,219,1170,1502,1028,474
1400000US12095013510,Census Tract 135.10; Orange County; Florida,1063,486,268,218,26,192,577,432,145
1400000US12095013511,Census Tract 135.11; Orange County; Florida,2331,1467,833,634,108,526,864,634,230
1400000US12095013512,Census Tract 135.12; Orange County; Florida,1940,1415,573,842,37,805,525,421,104
1400000US12095013513,Census Tract 135.13; Orange County; Florida,2034,1060,638,422,186,236,974,785,189
1400000US12095013603,Census Tract 136.03; Orange County; Florida,1999,1187,788,399,149,250,812,694,118
1400000US12095013604,Census Tract 136.04; Orange County; Florida,2957,1704,1063,641,207,434,1253,1090,163
1400000US12095013605,Census Tract 136.05; Orange County; Florida,1521,970,479,491,103,388,551,387,164
1400000US12095013606,Census Tract 136.06; Orange County; Florida,1460,1123,688,435,126,309,337,267,70
1400000US12095013607,Census Tract 136.07; Orange County; Florida,2029,1496,1186,310,147,163,533,390,143
1400000US12095013701,Census Tract 137.01; Orange County; Florida,2141,1023,440,583,177,406,1118,819,299
1400000US12095013702,Census Tract 137.02; Orange County; Florida,2233,1319,866,453,124,329,914,737,177
1400000US12095013801,Census Tract 138.01; Orange County; Florida,1016,679,583,96,31,65,337,239,98
1400000US12095013802,Census Tract 138.02; Orange County; Florida,1054,686,565,121,37,84,368,306,62
1400000US12095013803,Census Tract 138.03; Orange County; Florida,1155,828,399,429,103,326,327,296,31
1400000US12095013900,Census Tract 139; Orange County; Florida,2086,1200,785,415,134,281,886,694,192
1400000US12095014000,Census Tract 140; Orange County; Florida,2710,1994,1467,527,116,411,716,608,108
1400000US12095014100,Census Tract 141; Orange County; Florida,2553,1533,1268,265,38,227,1020,859,161
1400000US12095014201,Census Tract 142.01; Orange County; Florida,1960,1393,792,601,176,425,567,370,197
1400000US12095014202,Census Tract 142.02; Orange County; Florida,1608,1146,545,601,157,444,462,360,102
1400000US12095014301,Census Tract 143.01; Orange County; Florida,1587,887,626,261,67,194,700,422,278
1400000US12095014302,Census Tract 143.02; Orange County; Florida,1524,1263,544,719,223,496,261,169,92
1400000US12095014400,Census Tract 144; Orange County; Florida,1222,742,563,179,100,79,480,356,124
1400000US12095014502,Census Tract 145.02; Orange County; Florida,2063,987,458,529,152,377,1076,921,155
1400000US12095014503,Census Tract 145.03; Orange County; Florida,1744,498,204,294,86,208,1246,1218,28
1400000US12095014504,Census Tract 145.04; Orange County; Florida,2862,1538,911,627,166,461,1324,912,412
1400000US12095014601,Census Tract 146.01; Orange County; Florida,2527,1815,720,1095,232,863,712,682,30
1400000US12095014605,Census Tract 146.05; Orange County; Florida,1201,916,362,554,99,455,285,222,63
1400000US12095014606,Census Tract 146.06; Orange County; Florida,3296,2501,1085,1416,431,985,795,676,119
1400000US12095014607,Census Tract 146.07; Orange County; Florida,2823,1488,753,735,184,551,1335,1003,332
1400000US12095014608,Census Tract 146.08; Orange County; Florida,1719,1149,643,506,161,345,570,384,186
1400000US12095014609,Census Tract 146.09; Orange County; Florida,1933,1153,704,449,37,412,780,526,254
1400000US12095014701,Census Tract 147.01; Orange County; Florida,1922,1191,688,503,67,436,731,636,95
1400000US12095014702,Census Tract 147.02; Orange County; Florida,2467,1281,860,421,39,382,1186,940,246
1400000US12095014703,Census Tract 147.03; Orange County; Florida,916,619,324,295,65,230,297,255,42
1400000US12095014705,Census Tract 147.05; Orange County; Florida,3316,2044,1268,776,340,436,1272,723,549
1400000US12095014706,Census Tract 147.06; Orange County; Florida,2600,1289,973,316,150,166,1311,902,409
1400000US12095014804,Census Tract 148.04; Orange County; Florida,2109,1471,1198,273,81,192,638,593,45
1400000US12095014805,Census Tract 148.05; Orange County; Florida,2135,1342,768,574,115,459,793,638,155
1400000US12095014806,Census Tract 148.06; Orange County; Florida,1748,1314,961,353,94,259,434,403,31
1400000US12095014807,Census Tract 148.07; Orange County; Florida,2867,2139,1456,683,70,613,728,499,229
1400000US12095014809,Census Tract 148.09; Orange County; Florida,1261,926,861,65,24,41,335,299,36
1400000US12095014810,Census Tract 148.10; Orange County; Florida,2027,1716,1482,234,113,121,311,255,56
1400000US12095014811,Census Tract 148.11; Orange County; Florida,1933,1271,1091,180,60,120,662,521,141
1400000US12095014812,Census Tract 148.12; Orange County; Florida,2477,1607,1218,389,124,265,870,616,254
1400000US12095014813,Census Tract 148.13; Orange County; Florida,2025,1010,721,289,78,211,1015,828,187
1400000US12095014814,Census Tract 148.14; Orange County; Florida,2079,1685,1450,235,92,143,394,272,122
1400000US12095014815,Census Tract 148.15; Orange County; Florida,1705,1583,1344,239,99,140,122,104,18
1400000US12095014904,Census Tract 149.04; Orange County; Florida,2466,1800,785,1015,313,702,666,591,75
1400000US12095014906,Census Tract 149.06; Orange County; Florida,2368,1687,1428,259,22,237,681,396,285
1400000US12095014908,Census Tract 149.08; Orange County; Florida,2197,1579,865,714,91,623,618,517,101
1400000US12095014909,Census Tract 149.09; Orange County; Florida,995,802,545,257,54,203,193,153,40
1400000US12095015001,Census Tract 150.01; Orange County; Florida,446,393,229,164,86,78,53,38,15
1400000US12095015002,Census Tract 150.02; Orange County; Florida,2060,1588,1081,507,173,334,472,288,184
1400000US12095015003,Census Tract 150.03; Orange County; Florida,2063,1695,1067,628,421,207,368,200,168
1400000US12095015005,Census Tract 150.05; Orange County; Florida,1153,885,739,146,34,112,268,141,127
1400000US12095015006,Census Tract 150.06; Orange County; Florida,1575,1253,983,270,77,193,322,262,60
1400000US12095015103,Census Tract 151.03; Orange County; Florida,2700,1873,1324,549,127,422,827,685,142
1400000US12095015104,Census Tract 151.04; Orange County; Florida,1957,1314,632,682,166,516,643,564,79
1400000US12095015105,Census Tract 151.05; Orange County; Florida,1331,1073,847,226,75,151,258,124,134
1400000US12095015106,Census Tract 151.06; Orange County; Florida,2348,1893,1137,756,86,670,455,408,47
1400000US12095015202,Census Tract 152.02; Orange County; Florida,2357,1477,741,736,87,649,880,731,149
1400000US12095015203,Census Tract 152.03; Orange County; Florida,1526,649,411,238,58,180,877,600,277
1400000US12095015204,Census Tract 152.04; Orange County; Florida,2630,1151,698,453,49,404,1479,927,552
1400000US12095015300,Census Tract 153; Orange County; Florida,1584,808,604,204,46,158,776,627,149
1400000US12095015501,Census Tract 155.01; Orange County; Florida,2970,1594,1262,332,10,322,1376,996,380
1400000US12095015601,Census Tract 156.01; Orange County; Florida,1059,726,646,80,11,69,333,265,68
1400000US12095015602,Census Tract 156.02; Orange County; Florida,714,591,544,47,8,39,123,81,42
1400000US12095015701,Census Tract 157.01; Orange County; Florida,1006,510,402,108,78,30,496,386,110
1400000US12095015702,Census Tract 157.02; Orange County; Florida,605,417,341,76,36,40,188,149,39
1400000US12095015801,Census Tract 158.01; Orange County; Florida,665,526,488,38,26,12,139,116,23
1400000US12095015802,Census Tract 158.02; Orange County; Florida,1004,807,693,114,47,67,197,140,57
1400000US12095015901,Census Tract 159.01; Orange County; Florida,1345,344,223,121,23,98,1001,773,228
1400000US12095016001,Census Tract 160.01; Orange County; Florida,641,296,272,24,0,24,345,292,53
1400000US12095016002,Census Tract 160.02; Orange County; Florida,994,765,638,127,12,115,229,153,76
1400000US12095016100,Census Tract 161; Orange County; Florida,2086,1181,1069,112,45,67,905,689,216
1400000US12095016200,Census Tract 162; Orange County; Florida,2997,1479,1296,183,37,146,1518,1126,392
1400000US12095016301,Census Tract 163.01; Orange County; Florida,2540,1064,760,304,104,200,1476,1187,289
1400000US12095016302,Census Tract 163.02; Orange County; Florida,1761,840,340,500,84,416,921,626,295
1400000US12095016402,Census Tract 164.02; Orange County; Florida,1021,527,263,264,61,203,494,335,159
1400000US12095016406,Census Tract 164.06; Orange County; Florida,882,249,102,147,47,100,633,308,325
1400000US12095016407,Census Tract 164.07; Orange County; Florida,3030,1521,949,572,210,362,1509,819,690
1400000US12095016408,Census Tract 164.08; Orange County; Florida,933,497,338,159,37,122,436,188,248
1400000US12095016409,Census Tract 164.09; Orange County; Florida,1151,812,696,116,13,103,339,278,61
1400000US12095016411,Census Tract 164.11; Orange County; Florida,1424,887,455,432,107,325,537,369,168
1400000US12095016412,Census Tract 164.12; Orange County; Florida,1765,1382,983,399,104,295,383,288,95
1400000US12095016413,Census Tract 164.13; Orange County; Florida,1663,803,503,300,27,273,860,427,433
1400000US12095016414,Census Tract 164.14; Orange County; Florida,1542,816,536,280,7,273,726,509,217
1400000US12095016503,Census Tract 165.03; Orange County; Florida,2163,1274,981,293,112,181,889,330,559
1400000US12095016504,Census Tract 165.04; Orange County; Florida,1918,1262,919,343,92,251,656,551,105
1400000US12095016505,Census Tract 165.05; Orange County; Florida,1089,661,397,264,131,133,428,273,155
1400000US12095016509,Census Tract 165.09; Orange County; Florida,2302,1033,920,113,23,90,1269,978,291
1400000US12095016510,Census Tract 165.10; Orange County; Florida,1344,362,85,277,89,188,982,580,402
1400000US12095016511,Census Tract 165.11; Orange County; Florida,1410,573,242,331,288,43,837,579,258
1400000US12095016512,Census Tract 165.12; Orange County; Florida,1921,755,171,584,429,155,1166,660,506
1400000US12095016513,Census Tract 165.13; Orange County; Florida,1880,1205,494,711,133,578,675,473,202
1400000US12095016514,Census Tract 165.14; Orange County; Florida,2383,1765,1355,410,68,342,618,341,277
1400000US12095016515,Census Tract 165.15; Orange County; Florida,0,0,0,0,0,0,0,0,0
1400000US12095016603,Census Tract 166.03; Orange County; Florida,2369,1993,1667,326,155,171,376,221,155
1400000US12095016604,Census Tract 166.04; Orange County; Florida,1804,1456,1248,208,130,78,348,265,83
1400000US12095016605,Census Tract 166.05; Orange County; Florida,539,428,236,192,12,180,111,95,16
1400000US12095016606,Census Tract 166.06; Orange County; Florida,940,863,810,53,22,31,77,77,0
1400000US12095016607,Census Tract 166.07; Orange County; Florida,2295,1814,1282,532,195,337,481,399,82
1400000US12095016709,Census Tract 167.09; Orange County; Florida,2318,1817,1398,419,106,313,501,315,186
1400000US12095016710,Census Tract 167.10; Orange County; Florida,1516,1172,863,309,56,253,344,319,25
1400000US12095016713,Census Tract 167.13; Orange County; Florida,3045,2175,1410,765,203,562,870,504,366
1400000US12095016714,Census Tract 167.14; Orange County; Florida,991,691,480,211,47,164,300,198,102
1400000US12095016715,Census Tract 167.15; Orange County; Florida,2093,1405,684,721,383,338,688,336,352
1400000US12095016716,Census Tract 167.16; Orange County; Florida,1938,1435,1138,297,90,207,503,309,194
1400000US12095016717,Census Tract 167.17; Orange County; Florida,1293,1114,645,469,190,279,179,83,96
1400000US12095016723,Census Tract 167.23; Orange County; Florida,1621,1298,927,371,162,209,323,263,60
1400000US12095016724,Census Tract 167.24; Orange County; Florida,2296,1520,888,632,233,399,776,475,301
1400000US12095016728,Census Tract 167.28; Orange County; Florida,1920,1440,1221,219,66,153,480,421,59
1400000US12095016731,Census Tract 167.31; Orange County; Florida,1988,1259,960,299,115,184,729,389,340
1400000US12095016733,Census Tract 167.33; Orange County; Florida,2170,1578,1133,445,121,324,592,407,185
1400000US12095016735,Census Tract 167.35; Orange County; Florida,4347,3659,2615,1044,431,613,688,387,301
1400000US12095016736,Census Tract 167.36; Orange County; Florida,4976,3795,3268,527,247,280,1181,881,300
1400000US12095016737,Census Tract 167.37; Orange County; Florida,4057,3653,3016,637,160,477,404,256,148
1400000US12095016738,Census Tract 167.38; Orange County; Florida,1756,1100,839,261,52,209,656,477,179
1400000US12095016739,Census Tract 167.39; Orange County; Florida,2118,1530,746,784,174,610,588,285,303
1400000US12095016740,Census Tract 167.40; Orange County; Florida,1325,832,631,201,42,159,493,299,194
1400000US12095016741,Census Tract 167.41; Orange County; Florida,1699,443,172,271,78,193,1256,1036,220
1400000US12095016742,Census Tract 167.42; Orange County; Florida,2084,758,401,357,46,311,1326,1131,195
1400000US12095016743,Census Tract 167.43; Orange County; Florida,2373,1787,1208,579,135,444,586,548,38
1400000US12095016744,Census Tract 167.44; Orange County; Florida,1782,1191,722,469,177,292,591,282,309
1400000US12095016745,Census Tract 167.45; Orange County; Florida,1312,1043,836,207,42,165,269,184,85
1400000US12095016746,Census Tract 167.46; Orange County; Florida,1475,1291,1157,134,0,134,184,132,52
1400000US12095016747,Census Tract 167.47; Orange County; Florida,1893,1779,1630,149,55,94,114,66,48
1400000US12095016748,Census Tract 167.48; Orange County; Florida,2265,2037,1665,372,134,238,228,174,54
1400000US12095016749,Census Tract 167.49; Orange County; Florida,2113,1656,1230,426,136,290,457,393,64
1400000US12095016750,Census Tract 167.50; Orange County; Florida,4220,3327,2762,565,269,296,893,829,64
1400000US12095016751,Census Tract 167.51; Orange County; Florida,2173,1731,1540,191,95,96,442,269,173
1400000US12095016752,Census Tract 167.52; Orange County; Florida,1339,1094,837,257,69,188,245,184,61
1400000US12095016753,Census Tract 167.53; Orange County; Florida,2654,1908,1157,751,323,428,746,538,208
1400000US12095016754,Census Tract 167.54; Orange County; Florida,1534,1294,529,765,573,192,240,220,20
1400000US12095016755,Census Tract 167.55; Orange County; Florida,2267,1634,1316,318,20,298,633,448,185
1400000US12095016756,Census Tract 167.56; Orange County; Florida,972,682,612,70,33,37,290,158,132
1400000US12095016802,Census Tract 168.02; Orange County; Florida,7298,5413,4202,1211,571,640,1885,1452,433
1400000US12095016803,Census Tract 168.03; Orange County; Florida,835,557,388,169,105,64,278,221,57
1400000US12095016804,Census Tract 168.04; Orange County; Florida,2460,1963,1294,669,204,465,497,325,172
1400000US12095016808,Census Tract 168.08; Orange County; Florida,528,470,437,33,21,12,58,47,11
1400000US12095016809,Census Tract 168.09; Orange County; Florida,2515,1982,1037,945,11,934,533,265,268
1400000US12095016810,Census Tract 168.10; Orange County; Florida,3080,2478,2138,340,49,291,602,462,140
1400000US12095016811,Census Tract 168.11; Orange County; Florida,3734,3322,2655,667,249,418,412,296,116
1400000US12095016812,Census Tract 168.12; Orange County; Florida,2223,1610,1182,428,192,236,613,267,346
1400000US12095016813,Census Tract 168.13; Orange County; Florida,927,778,556,222,30,192,149,83,66
1400000US12095016814,Census Tract 168.14; Orange County; Florida,1621,1300,799,501,33,468,321,303,18
1400000US12095016902,Census Tract 169.02; Orange County; Florida,1847,1331,763,568,311,257,516,429,87
1400000US12095016904,Census Tract 169.04; Orange County; Florida,1197,751,409,342,123,219,446,292,154
1400000US12095016906,Census Tract 169.06; Orange County; Florida,1662,558,363,195,9,186,1104,870,234
1400000US12095016907,Census Tract 169.07; Orange County; Florida,2535,1364,585,779,327,452,1171,801,370
1400000US12095016908,Census Tract 169.08; Orange County; Florida,941,517,256,261,203,58,424,372,52
1400000US12095016909,Census Tract 169.09; Orange County; Florida,1692,917,353,564,105,459,775,375,400
1400000US12095016910,Census Tract 169.10; Orange County; Florida,392,317,99,218,104,114,75,65,10
1400000US12095016911,Census Tract 169.11; Orange County; Florida,3722,1736,512,1224,476,748,1986,1153,833
1400000US12095017001,Census Tract 170.01; Orange County; Florida,2310,875,650,225,73,152,1435,832,603
1400000US12095017004,Census Tract 170.04; Orange County; Florida,2735,1442,1106,336,108,228,1293,980,313
1400000US12095017006,Census Tract 170.06; Orange County; Florida,1347,1044,894,150,59,91,303,99,204
1400000US12095017011,Census Tract 170.11; Orange County; Florida,1588,1254,942,312,95,217,334,289,45
1400000US12095017012,Census Tract 170.12; Orange County; Florida,944,765,612,153,46,107,179,135,44
1400000US12095017013,Census Tract 170.13; Orange County; Florida,2859,2189,1509,680,272,408,670,554,116
1400000US12095017015,Census Tract 170.15; Orange County; Florida,2565,2181,1839,342,75,267,384,375,9
1400000US12095017018,Census Tract 170.18; Orange County; Florida,2284,1270,731,539,163,376,1014,652,362
1400000US12095017019,Census Tract 170.19; Orange County; Florida,1523,1160,950,210,76,134,363,212,151
1400000US12095017020,Census Tract 170.20; Orange County; Florida,2364,1693,1152,541,171,370,671,613,58
1400000US12095017021,Census Tract 170.21; Orange County; Florida,1892,1749,1156,593,44,549,143,125,18
1400000US12095017022,Census Tract 170.22; Orange County; Florida,4501,2113,1386,727,26,701,2388,1550,838
1400000US12095017023,Census Tract 170.23; Orange County; Florida,708,238,147,91,67,24,470,340,130
1400000US12095017024,Census Tract 170.24; Orange County; Florida,1141,456,335,121,55,66,685,301,384
1400000US12095017025,Census Tract 170.25; Orange County; Florida,1294,1089,912,177,48,129,205,190,15
1400000US12095017026,Census Tract 170.26; Orange County; Florida,1552,1152,942,210,63,147,400,359,41
1400000US12095017108,Census Tract 171.08; Orange County; Florida,4063,2874,2399,475,69,406,1189,1100,89
1400000US12095017109,Census Tract 171.09; Orange County; Florida,2075,1903,1728,175,26,149,172,165,7
1400000US12095017110,Census Tract 171.10; Orange County; Florida,2626,1783,1382,401,41,360,843,515,328
1400000US12095017111,Census Tract 171.11; Orange County; Florida,8099,5920,4838,1082,471,611,2179,1242,937
1400000US12095017112,Census Tract 171.12; Orange County; Florida,5673,4530,3936,594,0,594,1143,917,226
1400000US12095017113,Census Tract 171.13; Orange County; Florida,5581,4479,3894,585,203,382,1102,690,412
1400000US12095017114,Census Tract 171.14; Orange County; Florida,3391,2528,2012,516,148,368,863,558,305
1400000US12095017115,Census Tract 171.15; Orange County; Florida,1334,1095,1028,67,44,23,239,193,46
1400000US12095017116,Census Tract 171.16; Orange County; Florida,2792,2260,1857,403,169,234,532,430,102
1400000US12095017117,Census Tract 171.17; Orange County; Florida,2243,1974,1518,456,218,238,269,163,106
1400000US12095017118,Census Tract 171.18; Orange County; Florida,1709,1399,1179,220,0,220,310,227,83
1400000US12095017119,Census Tract 171.19; Orange County; Florida,759,575,495,80,0,80,184,141,43
1400000US12095017120,Census Tract 171.20; Orange County; Florida,2197,1699,1424,275,77,198,498,498,0
1400000US12095017121,Census Tract 171.21; Orange County; Florida,1760,987,816,171,53,118,773,699,74
1400000US12095017122,Census Tract 171.22; Orange County; Florida,1016,723,606,117,75,42,293,182,111
1400000US12095017123,Census Tract 171.23; Orange County; Florida,1990,1453,1196,257,18,239,537,267,270
1400000US12095017200,Census Tract 172; Orange County; Florida,2262,1739,1475,264,64,200,523,392,131
1400000US12095017301,Census Tract 173.01; Orange County; Florida,1175,688,619,69,18,51,487,449,38
1400000US12095017302,Census Tract 173.02; Orange County; Florida,2977,2084,1301,783,216,567,893,600,293
1400000US12095017401,Census Tract 174.01; Orange County; Florida,2609,2183,1789,394,51,343,426,367,59
1400000US12095017402,Census Tract 174.02; Orange County; Florida,1739,1317,699,618,254,364,422,273,149
1400000US12095017503,Census Tract 175.03; Orange County; Florida,2225,1573,700,873,113,760,652,392,260
1400000US12095017504,Census Tract 175.04; Orange County; Florida,3422,2520,1952,568,232,336,902,747,155
1400000US12095017505,Census Tract 175.05; Orange County; Florida,1620,1316,873,443,21,422,304,185,119
1400000US12095017506,Census Tract 175.06; Orange County; Florida,4508,2677,2143,534,88,446,1831,1305,526
1400000US12095017600,Census Tract 176; Orange County; Florida,1835,1162,428,734,221,513,673,573,100
1400000US12095017701,Census Tract 177.01; Orange County; Florida,1735,1443,1017,426,132,294,292,239,53
1400000US12095017702,Census Tract 177.02; Orange County; Florida,864,717,621,96,51,45,147,92,55
1400000US12095017703,Census Tract 177.03; Orange County; Florida,1567,1073,780,293,63,230,494,419,75
1400000US12095017805,Census Tract 178.05; Orange County; Florida,1099,889,665,224,46,178,210,200,10
1400000US12095017806,Census Tract 178.06; Orange County; Florida,1831,1478,1191,287,49,238,353,295,58
1400000US12095017807,Census Tract 178.07; Orange County; Florida,1430,993,696,297,144,153,437,333,104
1400000US12095017808,Census Tract 178.08; Orange County; Florida,1603,1108,875,233,83,150,495,294,201
1400000US12095017809,Census Tract 178.09; Orange County; Florida,1199,1026,633,393,198,195,173,114,59
1400000US12095017810,Census Tract 178.10; Orange County; Florida,2315,1599,1410,189,106,83,716,556,160
1400000US12095017811,Census Tract 178.11; Orange County; Florida,1219,1123,998,125,59,66,96,95,1
1400000US12095017812,Census Tract 178.12; Orange County; Florida,2896,2402,1932,470,91,379,494,373,121
1400000US12095017813,Census Tract 178.13; Orange County; Florida,702,527,480,47,0,47,175,158,17
1400000US12095017814,Census Tract 178.14; Orange County; Florida,2173,1912,1540,372,158,214,261,173,88
1400000US12095017901,Census Tract 179.01; Orange County; Florida,2262,1708,1323,385,107,278,554,459,95
1400000US12095017902,Census Tract 179.02; Orange County; Florida,3214,2292,1913,379,62,317,922,743,179
1400000US12095018000,Census Tract 180; Orange County; Florida,1804,650,400,250,44,206,1154,849,305
1400000US12095018100,Census Tract 181; Orange County; Florida,1136,825,537,288,119,169,311,246,65
1400000US12095018201,Census Tract 182.01; Orange County; Florida,2154,1215,1035,180,43,137,939,720,219
1400000US12095018202,Census Tract 182.02; Orange County; Florida,2030,868,692,176,125,51,1162,724,438
1400000US12095018203,Census Tract 182.03; Orange County; Florida,758,356,174,182,7,175,402,224,178
1400000US12095018204,Census Tract 182.04; Orange County; Florida,846,504,321,183,0,183,342,188,154
1400000US12095018300,Census Tract 183; Orange County; Florida,1190,476,152,324,72,252,714,572,142
1400000US12095018400,Census Tract 184; Orange County; Florida,1127,498,357,141,48,93,629,506,123
1400000US12095018500,Census Tract 185; Orange County; Florida,1140,499,278,221,105,116,641,483,158
1400000US12095018700,Census Tract 187; Orange County; Florida,2176,1347,677,670,91,579,829,753,76
1400000US12095018800,Census Tract 188; Orange County; Florida,3348,799,549,250,134,116,2549,1760,789
1400000US12095018901,Census Tract 189.01; Orange County; Florida,1938,804,600,204,121,83,1134,1037,97
1400000US12095018902,Census Tract 189.02; Orange County; Florida,3750,978,779,199,97,102,2772,2420,352
1400000US12095019000,Census Tract 190; Orange County; Florida,2633,1056,805,251,21,230,1577,1366,211
1400000US12095990000,Census Tract 9900; Orange County; Florida,0,0,0,0,0,0,0,0,0
1400000US12095010201,Census Tract 102.01; Orange County; Florida,1302,412,247,165,15,150,890,769,121
1400000US12095010202,Census Tract 102.02; Orange County; Florida,2539,690,621,69,44,25,1849,1535,314
1400000US12095010300,Census Tract 103; Orange County; Florida,2137,396,363,33,27,6,1741,1491,250
1400000US12095010400,Census Tract 104; Orange County; Florida,404,240,24,216,34,182,164,139,25
1400000US12095010500,Census Tract 105; Orange County; Florida,479,248,65,183,32,151,231,206,25
1400000US12095010802,Census Tract 108.02; Orange County; Florida,1607,739,579,160,91,69,868,381,487
1400000US12095011000,Census Tract 110; Orange County; Florida,1566,866,655,211,24,187,700,450,250
1400000US12095011100,Census Tract 111; Orange County; Florida,1688,690,406,284,220,64,998,628,370
1400000US12095011200,Census Tract 112; Orange County; Florida,1487,757,570,187,57,130,730,555,175
1400000US12095011300,Census Tract 113; Orange County; Florida,2259,1240,1025,215,51,164,1019,775,244
1400000US12095011600,Census Tract 116; Orange County; Florida,1367,969,528,441,193,248,398,286,112
1400000US12095011701,Census Tract 117.01; Orange County; Florida,1349,967,363,604,215,389,382,343,39
1400000US12095011702,Census Tract 117.02; Orange County; Florida,1515,825,453,372,27,345,690,631,59
1400000US12095012000,Census Tract 120; Orange County; Florida,2311,1704,627,1077,312,765,607,478,129
1400000US12095012100,Census Tract 121; Orange County; Florida,2360,1883,702,1181,175,1006,477,317,160
1400000US12095012201,Census Tract 122.01; Orange County; Florida,1687,1253,646,607,162,445,434,278,156
1400000US12095012202,Census Tract 122.02; Orange County; Florida,2011,1663,798,865,268,597,348,229,119
1400000US12095012303,Census Tract 123.03; Orange County; Florida,2528,2223,1615,608,98,510,305,241,64
1400000US12095012304,Census Tract 123.04; Orange County; Florida,2284,1911,1285,626,172,454,373,286,87
1400000US12095012305,Census Tract 123.05; Orange County; Florida,2297,1677,786,891,164,727,620,461,159
1400000US12095012306,Census Tract 123.06; Orange County; Florida,1090,911,683,228,60,168,179,132,47
1400000US12095012307,Census Tract 123.07; Orange County; Florida,2352,1697,753,944,258,686,655,648,7
1400000US12095012402,Census Tract 124.02; Orange County; Florida,2416,956,445,511,132,379,1460,1129,331
1400000US12095012403,Census Tract 124.03; Orange County; Florida,2142,1383,570,813,141,672,759,486,273
1400000US12095012404,Census Tract 124.04; Orange County; Florida,1845,1193,370,823,131,692,652,339,313
1400000US12095012405,Census Tract 124.05; Orange County; Florida,1915,1247,500,747,0,747,668,464,204
1400000US12095012500,Census Tract 125; Orange County; Florida,1089,453,364,89,25,64,636,455,181
1400000US12095012600,Census Tract 126; Orange County; Florida,2407,1402,1307,95,16,79,1005,550,455
1400000US12095012701,Census Tract 127.01; Orange County; Florida,2424,1234,938,296,143,153,1190,747,443
1400000US12095012800,Census Tract 128; Orange County; Florida,1557,1215,1100,115,58,57,342,324,18
1400000US12095012900,Census Tract 129; Orange County; Florida,2021,923,634,289,24,265,1098,682,416
1400000US12095013201,Census Tract 132.01; Orange County; Florida,1511,1099,799,300,96,204,412,241,171
1400000US12095013202,Census Tract 132.02; Orange County; Florida,2849,1720,1103,617,195,422,1129,841,288
1400000US12095013300,Census Tract 133; Orange County; Florida,2660,1725,1270,455,145,310,935,850,85
1400000US12095013402,Census Tract 134.02; Orange County; Florida,1336,1114,697,417,106,311,222,151,71
1400000US12095013403,Census Tract 134.03; Orange County; Florida,1292,804,470,334,111,223,488,346,142
1400000US12095013405,Census Tract 134.05; Orange County; Florida,963,532,216,316,76,240,431,262,169
1400000US12095013406,Census Tract 134.06; Orange County; Florida,1460,1062,533,529,163,366,398,211,187
1400000US12095013503,Census Tract 135.03; Orange County; Florida,981,411,272,139,87,52,570,382,188
1400000US12095013505,Census Tract 135.05; Orange County; Florida,2010,1179,641,538,167,371,831,644,187
1400000US12095013507,Census Tract 135.07; Orange County; Florida,3872,2370,981,1389,219,1170,1502,1028,474
1400000US12095013510,Census Tract 135.10; Orange County; Florida,1063,486,268,218,26,192,577,432,145
1400000US12095013511,Census Tract 135.11; Orange County; Florida,2331,1467,833,634,108,526,864,634,230
1400000US12095013512,Census Tract 135.12; Orange County; Florida,1940,1415,573,842,37,805,525,421,104
1400000US12095013513,Census Tract 135.13; Orange County; Florida,2034,1060,638,422,186,236,974,785,189
1400000US12095013603,Census Tract 136.03; Orange County; Florida,1999,1187,788,399,149,250,812,694,118
1400000US12095013604,Census Tract 136.04; Orange County; Florida,2957,1704,1063,641,207,434,1253,1090,163
1400000US12095013605,Census Tract 136.05; Orange County; Florida,1521,970,479,491,103,388,551,387,164
1400000US12095013606,Census Tract 136.06; Orange County; Florida,1460,1123,688,435,126,309,337,267,70
1400000US12095013607,Census Tract 136.07; Orange County; Florida,2029,1496,1186,310,147,163,533,390,143
1400000US12095013701,Census Tract 137.01; Orange County; Florida,2141,1023,440,583,177,406,1118,819,299
1400000US12095013702,Census Tract 137.02; Orange County; Florida,2233,1319,866,453,124,329,914,737,177
1400000US12095013801,Census Tract 138.01; Orange County; Florida,1016,679,583,96,31,65,337,239,98
1400000US12095013802,Census Tract 138.02; Orange County; Florida,1054,686,565,121,37,84,368,306,62
1400000US12095013803,Census Tract 138.03; Orange County; Florida,1155,828,399,429,103,326,327,296,31
1400000US12095013900,Census Tract 139; Orange County; Florida,2086,1200,785,415,134,281,886,694,192
1400000US12095014000,Census Tract 140; Orange County; Florida,2710,1994,1467,527,116,411,716,608,108
1400000US12095014100,Census Tract 141; Orange County; Florida,2553,1533,1268,265,38,227,1020,859,161
1400000US12095014201,Census Tract 142.01; Orange County; Florida,1960,1393,792,601,176,425,567,370,197
1400000US12095014202,Census Tract 142.02; Orange County; Florida,1608,1146,545,601,157,444,462,360,102
1400000US12095014301,Census Tract 143.01; Orange County; Florida,1587,887,626,261,67,194,700,422,278
1400000US12095014302,Census Tract 143.02; Orange County; Florida,1524,1263,544,719,223,496,261,169,92
1400000US12095014400,Census Tract 144; Orange County; Florida,1222,742,563,179,100,79,480,356,124
1400000US12095014502,Census Tract 145.02; Orange County; Florida,2063,987,458,529,152,377,1076,921,155
1400000US12095014503,Census Tract 145.03; Orange County; Florida,1744,498,204,294,86,208,1246,1218,28
1400000US12095014504,Census Tract 145.04; Orange County; Florida,2862,1538,911,627,166,461,1324,912,412
1400000US12095014601,Census Tract 146.01; Orange County; Florida,2527,1815,720,1095,232,863,712,682,30
1400000US12095014605,Census Tract 146.05; Orange County; Florida,1201,916,362,554,99,455,285,222,63
1400000US12095014606,Census Tract 146.06; Orange County; Florida,3296,2501,1085,1416,431,985,795,676,119
1400000US12095014607,Census Tract 146.07; Orange County; Florida,2823,1488,753,735,184,551,1335,1003,332
1400000US12095014608,Census Tract 146.08; Orange County; Florida,1719,1149,643,506,161,345,570,384,186
1400000US12095014609,Census Tract 146.09; Orange County; Florida,1933,1153,704,449,37,412,780,526,254
1400000US12095014701,Census Tract 147.01; Orange County; Florida,1922,1191,688,503,67,436,731,636,95
1400000US12095014702,Census Tract 147.02; Orange County; Florida,2467,1281,860,421,39,382,1186,940,246
1400000US12095014703,Census Tract 147.03; Orange County; Florida,916,619,324,295,65,230,297,255,42
1400000US12095014705,Census Tract 147.05; Orange County; Florida,3316,2044,1268,776,340,436,1272,723,549
1400000US12095014706,Census Tract 147.06; Orange County; Florida,2600,1289,973,316,150,166,1311,902,409
1400000US12095014804,Census Tract 148.04; Orange County; Florida,2109,1471,1198,273,81,192,638,593,45
1400000US12095014805,Census Tract 148.05; Orange County; Florida,2135,1342,768,574,115,459,793,638,155
1400000US12095014806,Census Tract 148.06; Orange County; Florida,1748,1314,961,353,94,259,434,403,31
1400000US12095014807,Census Tract 148.07; Orange County; Florida,2867,2139,1456,683,70,613,728,499,229
1400000US12095014809,Census Tract 148.09; Orange County; Florida,1261,926,861,65,24,41,335,299,36
1400000US12095014810,Census Tract 148.10; Orange County; Florida,2027,1716,1482,234,113,121,311,255,56
1400000US12095014811,Census Tract 148.11; Orange County; Florida,1933,1271,1091,180,60,120,662,521,141
1400000US12095014812,Census Tract 148.12; Orange County; Florida,2477,1607,1218,389,124,265,870,616,254
1400000US12095014813,Census Tract 148.13; Orange County; Florida,2025,1010,721,289,78,211,1015,828,187
1400000US12095014814,Census Tract 148.14; Orange County; Florida,2079,1685,1450,235,92,143,394,272,122
1400000US12095014815,Census Tract 148.15; Orange County; Florida,1705,1583,1344,239,99,140,122,104,18
1400000US12095014904,Census Tract 149.04; Orange County; Florida,2466,1800,785,1015,313,702,666,591,75
1400000US12095014906,Census Tract 149.06; Orange County; Florida,2368,1687,1428,259,22,237,681,396,285
1400000US12095014908,Census Tract 149.08; Orange County; Florida,2197,1579,865,714,91,623,618,517,101
1400000US12095014909,Census Tract 149.09; Orange County; Florida,995,802,545,257,54,203,193,153,40
1400000US12095015001,Census Tract 150.01; Orange County; Florida,446,393,229,164,86,78,53,38,15
1400000US12095015002,Census Tract 150.02; Orange County; Florida,2060,1588,1081,507,173,334,472,288,184
1400000US12095015003,Census Tract 150.03; Orange County; Florida,2063,1695,1067,628,421,207,368,200,168
1400000US12095015005,Census Tract 150.05; Orange County; Florida,1153,885,739,146,34,112,268,141,127
1400000US12095015006,Census Tract 150.06; Orange County; Florida,1575,1253,983,270,77,193,322,262,60
1400000US12095015103,Census Tract 151.03; Orange County; Florida,2700,1873,1324,549,127,422,827,685,142
1400000US12095015104,Census Tract 151.04; Orange County; Florida,1957,1314,632,682,166,516,643,564,79
1400000US12095015105,Census Tract 151.05; Orange County; Florida,1331,1073,847,226,75,151,258,124,134
1400000US12095015106,Census Tract 151.06; Orange County; Florida,2348,1893,1137,756,86,670,455,408,47
1400000US12095015202,Census Tract 152.02; Orange County; Florida,2357,1477,741,736,87,649,880,731,149
1400000US12095015203,Census Tract 152.03; Orange County; Florida,1526,649,411,238,58,180,877,600,277
1400000US12095015204,Census Tract 152.04; Orange County; Florida,2630,1151,698,453,49,404,1479,927,552
1400000US12095015300,Census Tract 153; Orange County; Florida,1584,808,604,204,46,158,776,627,149
1400000US12095015501,Census Tract 155.01; Orange County; Florida,2970,1594,1262,332,10,322,1376,996,380
1400000US12095015601,Census Tract 156.01; Orange County; Florida,1059,726,646,80,11,69,333,265,68
1400000US12095015602,Census Tract 156.02; Orange County; Florida,714,591,544,47,8,39,123,81,42
1400000US12095015701,Census Tract 157.01; Orange County; Florida,1006,510,402,108,78,30,496,386,110
1400000US12095015702,Census Tract 157.02; Orange County; Florida,605,417,341,76,36,40,188,149,39
1400000US12095015801,Census Tract 158.01; Orange County; Florida,665,526,488,38,26,12,139,116,23
1400000US12095015802,Census Tract 158.02; Orange County; Florida,1004,807,693,114,47,67,197,140,57
1400000US12095015901,Census Tract 159.01; Orange County; Florida,1345,344,223,121,23,98,1001,773,228
1400000US12095016001,Census Tract 160.01; Orange County; Florida,641,296,272,24,0,24,345,292,53
1400000US12095016002,Census Tract 160.02; Orange County; Florida,994,765,638,127,12,115,229,153,76
1400000US12095016100,Census Tract 161; Orange County; Florida,2086,1181,1069,112,45,67,905,689,216
1400000US12095016200,Census Tract 162; Orange County; Florida,2997,1479,1296,183,37,146,1518,1126,392
1400000US12095016301,Census Tract 163.01; Orange County; Florida,2540,1064,760,304,104,200,1476,1187,289
1400000US12095016302,Census Tract 163.02; Orange County; Florida,1761,840,340,500,84,416,921,626,295
1400000US12095016402,Census Tract 164.02; Orange County; Florida,1021,527,263,264,61,203,494,335,159
1400000US12095016406,Census Tract 164.06; Orange County; Florida,882,249,102,147,47,100,633,308,325
1400000US12095016407,Census Tract 164.07; Orange County; Florida,3030,1521,949,572,210,362,1509,819,690
1400000US12095016408,Census Tract 164.08; Orange County; Florida,933,497,338,159,37,122,436,188,248
1400000US12095016409,Census Tract 164.09; Orange County; Florida,1151,812,696,116,13,103,339,278,61
1400000US12095016411,Census Tract 164.11; Orange County; Florida,1424,887,455,432,107,325,537,369,168
1400000US12095016412,Census Tract 164.12; Orange County; Florida,1765,1382,983,399,104,295,383,288,95
1400000US12095016413,Census Tract 164.13; Orange County; Florida,1663,803,503,300,27,273,860,427,433
1400000US12095016414,Census Tract 164.14; Orange County; Florida,1542,816,536,280,7,273,726,509,217
1400000US12095016503,Census Tract 165.03; Orange County; Florida,2163,1274,981,293,112,181,889,330,559
1400000US12095016504,Census Tract 165.04; Orange County; Florida,1918,1262,919,343,92,251,656,551,105
1400000US12095016505,Census Tract 165.05; Orange County; Florida,1089,661,397,264,131,133,428,273,155
1400000US12095016509,Census Tract 165.09; Orange County; Florida,2302,1033,920,113,23,90,1269,978,291
1400000US12095016510,Census Tract 165.10; Orange County; Florida,1344,362,85,277,89,188,982,580,402
1400000US12095016511,Census Tract 165.11; Orange County; Florida,1410,573,242,331,288,43,837,579,258
1400000US12095016512,Census Tract 165.12; Orange County; Florida,1921,755,171,584,429,155,1166,660,506
1400000US12095016513,Census Tract 165.13; Orange County; Florida,1880,1205,494,711,133,578,675,473,202
1400000US12095016514,Census Tract 165.14; Orange County; Florida,2383,1765,1355,410,68,342,618,341,277
1400000US12095016515,Census Tract 165.15; Orange County; Florida,0,0,0,0,0,0,0,0,0
1400000US12095016603,Census Tract 166.03; Orange County; Florida,2369,1993,1667,326,155,171,376,221,155
1400000US12095016604,Census Tract 166.04; Orange County; Florida,1804,1456,1248,208,130,78,348,265,83
1400000US12095016605,Census Tract 166.05; Orange County; Florida,539,428,236,192,12,180,111,95,16
1400000US12095016606,Census Tract 166.06; Orange County; Florida,940,863,810,53,22,31,77,77,0
1400000US12095016607,Census Tract 166.07; Orange County; Florida,2295,1814,1282,532,195,337,481,399,82
1400000US12095016709,Census Tract 167.09; Orange County; Florida,2318,1817,1398,419,106,313,501,315,186
1400000US12095016710,Census Tract 167.10; Orange County; Florida,1516,1172,863,309,56,253,344,319,25
1400000US12095016713,Census Tract 167.13; Orange County; Florida,3045,2175,1410,765,203,562,870,504,366
1400000US12095016714,Census Tract 167.14; Orange County; Florida,991,691,480,211,47,164,300,198,102
1400000US12095016715,Census Tract 167.15; Orange County; Florida,2093,1405,684,721,383,338,688,336,352
1400000US12095016716,Census Tract 167.16; Orange County; Florida,1938,1435,1138,297,90,207,503,309,194
1400000US12095016717,Census Tract 167.17; Orange County; Florida,1293,1114,645,469,190,279,179,83,96
1400000US12095016723,Census Tract 167.23; Orange County; Florida,1621,1298,927,371,162,209,323,263,60
1400000US12095016724,Census Tract 167.24; Orange County; Florida,2296,1520,888,632,233,399,776,475,301
1400000US12095016728,Census Tract 167.28; Orange County; Florida,1920,1440,1221,219,66,153,480,421,59
1400000US12095016731,Census Tract 167.31; Orange County; Florida,1988,1259,960,299,115,184,729,389,340
1400000US12095016733,Census Tract 167.33; Orange County; Florida,2170,1578,1133,445,121,324,592,407,185
1400000US12095016735,Census Tract 167.35; Orange County; Florida,4347,3659,2615,1044,431,613,688,387,301
1400000US12095016736,Census Tract 167.36; Orange County; Florida,4976,3795,3268,527,247,280,1181,881,300
1400000US12095016737,Census Tract 167.37; Orange County; Florida,4057,3653,3016,637,160,477,404,256,148
1400000US12095016738,Census Tract 167.38; Orange County; Florida,1756,1100,839,261,52,209,656,477,179
1400000US12095016739,Census Tract 167.39; Orange County; Florida,2118,1530,746,784,174,610,588,285,303
1400000US12095016740,Census Tract 167.40; Orange County; Florida,1325,832,631,201,42,159,493,299,194
1400000US12095016741,Census Tract 167.41; Orange County; Florida,1699,443,172,271,78,193,1256,1036,220
1400000US12095016742,Census Tract 167.42; Orange County; Florida,2084,758,401,357,46,311,1326,1131,195
1400000US12095016743,Census Tract 167.43; Orange County; Florida,2373,1787,1208,579,135,444,586,548,38
1400000US12095016744,Census Tract 167.44; Orange County; Florida,1782,1191,722,469,177,292,591,282,309
1400000US12095016745,Census Tract 167.45; Orange County; Florida,1312,1043,836,207,42,165,269,184,85
1400000US12095016746,Census Tract 167.46; Orange County; Florida,1475,1291,1157,134,0,134,184,132,52
1400000US12095016747,Census Tract 167.47; Orange County; Florida,1893,1779,1630,149,55,94,114,66,48
1400000US12095016748,Census Tract 167.48; Orange County; Florida,2265,2037,1665,372,134,238,228,174,54
1400000US12095016749,Census Tract 167.49; Orange County; Florida,2113,1656,1230,426,136,290,457,393,64
1400000US12095016750,Census Tract 167.50; Orange County; Florida,4220,3327,2762,565,269,296,893,829,64
1400000US12095016751,Census Tract 167.51; Orange County; Florida,2173,1731,1540,191,95,96,442,269,173
1400000US12095016752,Census Tract 167.52; Orange County; Florida,1339,1094,837,257,69,188,245,184,61
1400000US12095016753,Census Tract 167.53; Orange County; Florida,2654,1908,1157,751,323,428,746,538,208
1400000US12095016754,Census Tract 167.54; Orange County; Florida,1534,1294,529,765,573,192,240,220,20
1400000US12095016755,Census Tract 167.55; Orange County; Florida,2267,1634,1316,318,20,298,633,448,185
1400000US12095016756,Census Tract 167.56; Orange County; Florida,972,682,612,70,33,37,290,158,132
1400000US12095016802,Census Tract 168.02; Orange County; Florida,7298,5413,4202,1211,571,640,1885,1452,433
1400000US12095016803,Census Tract 168.03; Orange County; Florida,835,557,388,169,105,64,278,221,57
1400000US12095016804,Census Tract 168.04; Orange County; Florida,2460,1963,1294,669,204,465,497,325,172
1400000US12095016808,Census Tract 168.08; Orange County; Florida,528,470,437,33,21,12,58,47,11
1400000US12095016809,Census Tract 168.09; Orange County; Florida,2515,1982,1037,945,11,934,533,265,268
1400000US12095016810,Census Tract 168.10; Orange County; Florida,3080,2478,2138,340,49,291,602,462,140
1400000US12095016811,Census Tract 168.11; Orange County; Florida,3734,3322,2655,667,249,418,412,296,116
1400000US12095016812,Census Tract 168.12; Orange County; Florida,2223,1610,1182,428,192,236,613,267,346
1400000US12095016813,Census Tract 168.13; Orange County; Florida,927,778,556,222,30,192,149,83,66
1400000US12095016814,Census Tract 168.14; Orange County; Florida,1621,1300,799,501,33,468,321,303,18
1400000US12095016902,Census Tract 169.02; Orange County; Florida,1847,1331,763,568,311,257,516,429,87
1400000US12095016904,Census Tract 169.04; Orange County; Florida,1197,751,409,342,123,219,446,292,154
1400000US12095016906,Census Tract 169.06; Orange County; Florida,1662,558,363,195,9,186,1104,870,234
1400000US12095016907,Census Tract 169.07; Orange County; Florida,2535,1364,585,779,327,452,1171,801,370
1400000US12095016908,Census Tract 169.08; Orange County; Florida,941,517,256,261,203,58,424,372,52
1400000US12095016909,Census Tract 169.09; Orange County; Florida,1692,917,353,564,105,459,775,375,400
1400000US12095016910,Census Tract 169.10; Orange County; Florida,392,317,99,218,104,114,75,65,10
1400000US12095016911,Census Tract 169.11; Orange County; Florida,3722,1736,512,1224,476,748,1986,1153,833
1400000US12095017001,Census Tract 170.01; Orange County; Florida,2310,875,650,225,73,152,1435,832,603
1400000US12095017004,Census Tract 170.04; Orange County; Florida,2735,1442,1106,336,108,228,1293,980,313
1400000US12095017006,Census Tract 170.06; Orange County; Florida,1347,1044,894,150,59,91,303,99,204
1400000US12095017011,Census Tract 170.11; Orange County; Florida,1588,1254,942,312,95,217,334,289,45
1400000US12095017012,Census Tract 170.12; Orange County; Florida,944,765,612,153,46,107,179,135,44
1400000US12095017013,Census Tract 170.13; Orange County; Florida,2859,2189,1509,680,272,408,670,554,116
1400000US12095017015,Census Tract 170.15; Orange County; Florida,2565,2181,1839,342,75,267,384,375,9
1400000US12095017018,Census Tract 170.18; Orange County; Florida,2284,1270,731,539,163,376,1014,652,362
1400000US12095017019,Census Tract 170.19; Orange County; Florida,1523,1160,950,210,76,134,363,212,151
1400000US12095017020,Census Tract 170.20; Orange County; Florida,2364,1693,1152,541,171,370,671,613,58
1400000US12095017021,Census Tract 170.21; Orange County; Florida,1892,1749,1156,593,44,549,143,125,18
1400000US12095017022,Census Tract 170.22; Orange County; Florida,4501,2113,1386,727,26,701,2388,1550,838
1400000US12095017023,Census Tract 170.23; Orange County; Florida,708,238,147,91,67,24,470,340,130
1400000US12095017024,Census Tract 170.24; Orange County; Florida,1141,456,335,121,55,66,685,301,384
1400000US12095017025,Census Tract 170.25; Orange County; Florida,1294,1089,912,177,48,129,205,190,15
1400000US12095017026,Census Tract 170.26; Orange County; Florida,1552,1152,942,210,63,147,400,359,41
1400000US12095017108,Census Tract 171.08; Orange County; Florida,4063,2874,2399,475,69,406,1189,1100,89
1400000US12095017109,Census Tract 171.09; Orange County; Florida,2075,1903,1728,175,26,149,172,165,7
1400000US12095017110,Census Tract 171.10; Orange County; Florida,2626,1783,1382,401,41,360,843,515,328
1400000US12095017111,Census Tract 171.11; Orange County; Florida,8099,5920,4838,1082,471,611,2179,1242,937
1400000US12095017112,Census Tract 171.12; Orange County; Florida,5673,4530,3936,594,0,594,1143,917,226
1400000US12095017113,Census Tract 171.13; Orange County; Florida,5581,4479,3894,585,203,382,1102,690,412
1400000US12095017114,Census Tract 171.14; Orange County; Florida,3391,2528,2012,516,148,368,863,558,305
1400000US12095017115,Census Tract 171.15; Orange County; Florida,1334,1095,1028,67,44,23,239,193,46
1400000US12095017116,Census Tract 171.16; Orange County; Florida,2792,2260,1857,403,169,234,532,430,102
1400000US12095017117,Census Tract 171.17; Orange County; Florida,2243,1974,1518,456,218,238,269,163,106
1400000US12095017118,Census Tract 171.18; Orange County; Florida,1709,1399,1179,220,0,220,310,227,83
1400000US12095017119,Census Tract 171.19; Orange County; Florida,759,575,495,80,0,80,184,141,43
1400000US12095017120,Census Tract 171.20; Orange County; Florida,2197,1699,1424,275,77,198,498,498,0
1400000US12095017121,Census Tract 171.21; Orange County; Florida,1760,987,816,171,53,118,773,699,74
1400000US12095017122,Census Tract 171.22; Orange County; Florida,1016,723,606,117,75,42,293,182,111
1400000US12095017123,Census Tract 171.23; Orange County; Florida,1990,1453,1196,257,18,239,537,267,270
1400000US12095017200,Census Tract 172; Orange County; Florida,2262,1739,1475,264,64,200,523,392,131
1400000US12095017301,Census Tract 173.01; Orange County; Florida,1175,688,619,69,18,51,487,449,38
1400000US12095017302,Census Tract 173.02; Orange County; Florida,2977,2084,1301,783,216,567,893,600,293
1400000US12095017401,Census Tract 174.01; Orange County; Florida,2609,2183,1789,394,51,343,426,367,59
1400000US12095017402,Census Tract 174.02; Orange County; Florida,1739,1317,699,618,254,364,422,273,149
1400000US12095017503,Census Tract 175.03; Orange County; Florida,2225,1573,700,873,113,760,652,392,260
1400000US12095017504,Census Tract 175.04; Orange County; Florida,3422,2520,1952,568,232,336,902,747,155
1400000US12095017505,Census Tract 175.05; Orange County; Florida,1620,1316,873,443,21,422,304,185,119
1400000US12095017506,Census Tract 175.06; Orange County; Florida,4508,2677,2143,534,88,446,1831,1305,526
1400000US12095017600,Census Tract 176; Orange County; Florida,1835,1162,428,734,221,513,673,573,100
1400000US12095017701,Census Tract 177.01; Orange County; Florida,1735,1443,1017,426,132,294,292,239,53
1400000US12095017702,Census Tract 177.02; Orange County; Florida,864,717,621,96,51,45,147,92,55
1400000US12095017703,Census Tract 177.03; Orange County; Florida,1567,1073,780,293,63,230,494,419,75
1400000US12095017805,Census Tract 178.05; Orange County; Florida,1099,889,665,224,46,178,210,200,10
1400000US12095017806,Census Tract 178.06; Orange County; Florida,1831,1478,1191,287,49,238,353,295,58
1400000US12095017807,Census Tract 178.07; Orange County; Florida,1430,993,696,297,144,153,437,333,104
1400000US12095017808,Census Tract 178.08; Orange County; Florida,1603,1108,875,233,83,150,495,294,201
1400000US12095017809,Census Tract 178.09; Orange County; Florida,1199,1026,633,393,198,195,173,114,59
1400000US12095017810,Census Tract 178.10; Orange County; Florida,2315,1599,1410,189,106,83,716,556,160
1400000US12095017811,Census Tract 178.11; Orange County; Florida,1219,1123,998,125,59,66,96,95,1
1400000US12095017812,Census Tract 178.12; Orange County; Florida,2896,2402,1932,470,91,379,494,373,121
1400000US12095017813,Census Tract 178.13; Orange County; Florida,702,527,480,47,0,47,175,158,17
1400000US12095017814,Census Tract 178.14; Orange County; Florida,2173,1912,1540,372,158,214,261,173,88
1400000US12095017901,Census Tract 179.01; Orange County; Florida,2262,1708,1323,385,107,278,554,459,95
1400000US12095017902,Census Tract 179.02; Orange County; Florida,3214,2292,1913,379,62,317,922,743,179
1400000US12095018000,Census Tract 180; Orange County; Florida,1804,650,400,250,44,206,1154,849,305
1400000US12095018100,Census Tract 181; Orange County; Florida,1136,825,537,288,119,169,311,246,65
1400000US12095018201,Census Tract 182.01; Orange County; Florida,2154,1215,1035,180,43,137,939,720,219
1400000US12095018202,Census Tract 182.02; Orange County; Florida,2030,868,692,176,125,51,1162,724,438
1400000US12095018203,Census Tract 182.03; Orange County; Florida,758,356,174,182,7,175,402,224,178
1400000US12095018204,Census Tract 182.04; Orange County; Florida,846,504,321,183,0,183,342,188,154
1400000US12095018300,Census Tract 183; Orange County; Florida,1190,476,152,324,72,252,714,572,142
1400000US12095018400,Census Tract 184; Orange County; Florida,1127,498,357,141,48,93,629,506,123
1400000US12095018500,Census Tract 185; Orange County; Florida,1140,499,278,221,105,116,641,483,158
1400000US12095018700,Census Tract 187; Orange County; Florida,2176,1347,677,670,91,579,829,753,76
1400000US12095018800,Census Tract 188; Orange County; Florida,3348,799,549,250,134,116,2549,1760,789
1400000US12095018901,Census Tract 189.01; Orange County; Florida,1938,804,600,204,121,83,1134,1037,97
1400000US12095018902,Census Tract 189.02; Orange County; Florida,3750,978,779,199,97,102,2772,2420,352
1400000US12095019000,Census Tract 190; Orange County; Florida,2633,1056,805,251,21,230,1577,1366,211
1400000US12095990000,Census Tract 9900; Orange County; Florida,0,0,0,0,0,0,0,0,0
